Cluster,Rank,COG,Description,log2_fold_enrichment,Prevalence_in_cluster,Prevalence_in_other_clusters,Mean_per_1000_genes_in_cluster,Mean_per_1000_genes_in_other_clusters
0,1,COG3847,Flp Fap pilin component,6.385913975736386,0.8488095238095211,0.014061010486177316,0.5662798977705846,0.005783373612787244
0,2,COG4646,Protein of unknown function (DUF2958),5.664823285035432,0.10714285714285704,0.0009532888465204957,0.07147949170763133,0.0004286748844815677
0,3,COG5265,ATP-binding cassette subfamily B,5.278145195570926,0.6630952380952361,0.021925643469971362,0.4285391279758947,0.01006936494208831
0,4,COG2852,Protein of unknown function (DUF559),4.92298041120507,0.8749999999999972,0.12249761677788472,2.934451204920095,0.0957631713839236
0,5,COG5606,Helix-turn-helix domain,4.836531902173192,0.266666666666666,0.015729265967588182,0.16724056985896213,0.004888294910581796
0,6,COG3883,PFAM NLP P60 protein,4.817597489565615,0.8357142857142831,0.06387035271687293,1.0021624576994002,0.034573772174574274
0,7,COG3116,cell division,4.683419832966393,0.758333333333331,0.04957102001906555,0.5059653478788779,0.01873006079301304
0,8,COG2222,"sugar isomerase, AgaS family",4.6239182150089455,0.7785714285714261,0.18160152526215348,2.995862638661128,0.12054266573444852
0,9,COG3261,"Respiratory-chain NADH dehydrogenase, 49 Kd subunit",4.5317195972787125,0.8023809523809499,0.09914204003813205,1.2225117801275216,0.05189621832742417
0,10,COG3260,"NADH ubiquinone oxidoreductase, 20",4.523021414971423,0.7559523809523786,0.08460438512869417,0.9757447609786033,0.04148307786648204
0,11,COG4878,Uncharacterised protein conserved in bacteria (DUF2194),4.2023243904666385,0.42619047619047495,0.02788369876072442,0.2796540900061864,0.014245640777975329
0,12,COG5573,PIN domain,4.174801290495036,0.14642857142857119,0.009294566253574835,0.09778967605630176,0.004469796222217966
0,13,COG1623,"Has also diadenylate cyclase activity, catalyzing the condensation of 2 ATP molecules into cyclic di-AMP (c-di-AMP). c- di-AMP acts as a signaling molecule that couples DNA integrity with progression of sporulation. The rise in c-di-AMP level generated by DisA while scanning the chromosome, operates as a positive signal that advances sporulation",4.158385669053994,0.7511904761904739,0.05219256434699689,0.508635176773198,0.027540434263552408
0,14,COG1848,PIN domain,4.10761809917731,0.6964285714285693,0.06649189704480435,0.7355080072322349,0.04172294816345423
0,15,COG4237,Hydrogenase 4 membrane,4.056877170463752,0.5428571428571413,0.04146806482364139,0.35122915493033074,0.020163309524801963
0,16,COG4295,Uncharacterized protein conserved in bacteria (DUF2263),3.9926349239868135,0.655952380952379,0.05052430886558604,0.4170317590151564,0.02526070636942554
0,17,COG1430,"Uncharacterized ACR, COG1430",3.909448567968143,0.8130952380952355,0.05934223069590056,0.5822579730290156,0.03781498286402849
0,18,COG1933,Double zinc ribbon,3.8590775002957884,0.720238095238093,0.050285986653955915,0.48351736867788386,0.03238960388024248
0,19,COG0650,NADH dehydrogenase,3.8583775270196146,0.7845238095238071,0.09080076263107753,0.7225311238550778,0.04888498517668885
0,20,COG3827,Membrane,3.843825684821779,0.33214285714285624,0.029551954242135275,0.2927013604262221,0.0194549832850195
0,21,COG4643,DNA integration,3.802314021284135,0.6107142857142839,0.043136320305052246,0.3874616653641223,0.02684438271074378
0,22,COG2359,Stage V sporulation protein S (SpoVS),3.7382295538803767,0.7988095238095213,0.07435653002859861,0.5245624142022581,0.038382662397527856
0,23,COG1594,Catalyzes the reduction of ribonucleotides to deoxyribonucleotides. May function to provide a pool of deoxyribonucleotide precursors for DNA repair during oxygen limitation and or for immediate growth after restoration of oxygen,3.6841900457388115,0.6059523809523791,0.04957102001906555,0.3909784480260225,0.02949372473047097
0,24,COG4487,mechanosensitive ion channel activity,3.6537134564078384,0.7821428571428547,0.0962821734985705,0.8278861673823248,0.06485936608119076
0,25,COG4683,Phage derived protein Gp49-like (DUF891),3.592230060220581,0.25357142857142795,0.029790276453765398,0.15858662732345144,0.012232061083805217
0,26,COG3458,Acetyl xylan esterase (AXE1),3.5388394687159224,0.6797619047619027,0.13822688274547248,1.245805344409382,0.1062758156484662
0,27,COG3580,PFAM CoA enzyme activase uncharacterised domain (DUF2229),3.449421784040546,0.13333333333333314,0.016205910390848427,0.10278266566625573,0.008500476689421645
0,28,COG1259,Conserved protein,3.419697022473927,0.8678571428571401,0.11487130600572058,0.5858639773015198,0.053841089329225204
0,29,COG3158,Transport of potassium into the cell,3.368357798094209,0.7797619047619023,0.15919923736892264,0.908499952375365,0.08706958447889664
0,30,COG4186,Ser Thr phosphatase family protein,3.339744996386846,0.6869047619047598,0.1198760724499533,0.6691070088868055,0.06518822561701322
0,31,COG3716,PTS system mannose/fructose/sorbose family IID component,3.3321319013332724,0.7999999999999975,0.19637750238322063,2.497381620505062,0.24707735597260486
0,32,COG3715,PTS system sorbose-specific iic component,3.237169633408816,0.7988095238095213,0.20185891325071328,2.430712880365623,0.25688562499724327
0,33,COG3444,"PTS system, mannose fructose sorbose family, IIB",3.2327846853343867,0.7845238095238071,0.16706387035271644,1.8568862737232585,0.19663049859652462
0,34,COG4687,Domain of unknown function (DUF956),3.218454767450303,0.688095238095236,0.07864632983794094,0.45207581352667675,0.047676512413304145
0,35,COG2453,Inositol hexakisphosphate,3.159560981127671,0.14761904761904737,0.026453765490943686,0.12582605941965627,0.013193381308902569
0,36,COG3503,Membrane,3.1444837331491606,0.6964285714285693,0.15371782650142998,0.8257278945962749,0.09249290769078236
0,37,COG2214,Heat shock protein DnaJ domain protein,3.1415460649298126,0.7476190476190453,0.11272640610104942,0.49997785250743,0.055770004476190016
0,38,COG1243,Radical SAM,3.135065991639079,0.8380952380952355,0.17945662535748244,0.9960413825408796,0.11249174729135712
0,39,COG2331,Putative regulatory protein,3.123081298146066,0.6333333333333314,0.07149666348903706,0.4062484499299291,0.04574318383656644
0,40,COG5015,Pyridoxamine 5'-phosphate oxidase,3.1082546119358483,0.7452380952380929,0.17135367016205852,0.8656721992586486,0.09950252970288095
0,41,COG1036,"Psort location Cytoplasmic, score",3.107907082124958,0.6952380952380931,0.10795996186844684,0.4819026038906814,0.05501267215635853
0,42,COG1440,IIB subunit,3.1019646898050723,0.7273809523809501,0.15181124880838906,1.5512822553333034,0.17979494180465366
0,43,COG1666,Belongs to the UPF0234 family,3.099458777572467,0.8940476190476162,0.1415633937082941,0.601293294024032,0.0692712963459586
0,44,COG2190,"PTS system, glucose subfamily, IIA",3.084390934057211,0.7761904761904738,0.2440419447092437,1.3109006289703828,0.15367023692138423
0,45,COG4573,Tagatose 6 phosphate kinase,3.063997857329823,0.33928571428571336,0.06244041944709215,0.21725637180114676,0.02509826698831033
0,46,COG3947,"Transcriptional regulatory protein, C terminal",3.037754272107717,0.758333333333331,0.10962821734985774,0.5310646129264569,0.06379018500350017
0,47,COG2893,PTS system fructose IIA component,2.988122460974884,0.7892857142857118,0.23236415633936805,2.134131347138906,0.2680977740013854
0,48,COG2188,"Transcriptional regulator, GntR family",2.9850181124078565,0.8130952380952355,0.4606768350810186,4.433576366217905,0.5591084810129533
0,49,COG4768,protein containing a divergent version of the methyl-accepting chemotaxis-like domain,2.9189589079613465,0.8166666666666641,0.11892278360343278,0.5458381147130321,0.07130437725163401
0,50,COG1975,XdhC and CoxI family,2.9084171520631545,0.758333333333331,0.20734032411820594,0.8612538240509519,0.11384559085474345
1,1,COG3539,Fimbrial protein,10.973957937431564,0.446078431372548,0.000216076058772688,2.2226775826502427,0.00010555742978636444
1,2,COG4566,"helix_turn_helix, Lux Regulon",9.425279177531076,0.5196078431372536,0.0006482281763180639,0.9443285231806753,0.00037496300150634704
1,3,COG2916,Belongs to the histone-like protein H-NS family,8.437129702400306,0.6446078431372532,0.0,0.3456004464057805,0.0
1,4,COG3113,STAS domain,8.25482782778206,0.7598039215686253,0.0,0.30445749453346077,0.0
1,5,COG2969,Stringent starvation protein B,8.25436517198797,0.7843137254901938,0.0,0.30435955351475047,0.0
1,6,COG2917,probably involved in intracellular septation,8.230314520044393,0.7720588235294096,0.0,0.29931121031846786,0.0
1,7,COG2863,Cytochrome c,8.221685677517597,0.5049019607843125,0.00216076058772688,0.5879200329856357,0.0009727966595754891
1,8,COG2924,"Could be a mediator in iron transactions between iron acquisition and iron-requiring processes, such as synthesis and or repair of Fe-S clusters in biosynthetic enzymes",8.15511013246214,0.7499999999999979,0.0,0.28405769417183896,0.0
1,9,COG2901,Activates ribosomal RNA transcription. Plays a direct role in upstream activation of rRNA promoters,8.137641198127392,0.7328431372548999,0.0,0.2806268739778628,0.0
1,10,COG3017,Plays a critical role in the incorporation of lipoproteins in the outer membrane after they are released by the LolA protein,8.073628018980454,0.7058823529411745,0.0,0.26840410414354976,0.0
1,11,COG4160,Part of the histidine permease ABC transporter. Also part of a lysine arginine ornithine transporter. Probably responsible for the translocation of the substrate across the membrane. Required to relay the ATPase-inducing signal from the solute-binding protein to HisP (By similarity),7.905868784467837,0.4877450980392145,0.0,0.2388300764599001,0.0
1,12,COG1965,Belongs to the frataxin family,7.905449948811665,0.629901960784312,0.0,0.23876046035598433,0.0
1,13,COG2995,paraquat-inducible protein A,7.897247401743505,0.5784313725490181,0.000432152117545376,0.2996413423241006,0.00026107335810778606
1,14,COG3312,ATP synthase,7.873093555572294,0.6446078431372532,0.0,0.23344302634017391,0.0
1,15,COG3107,Regulator of peptidoglycan synthesis that is essential for the function of penicillin-binding protein 1A (PBP1a),7.767938565461841,0.7009803921568608,0.000432152117545376,0.2727336361603601,0.000255872797885121
1,16,COG2938,Flavinator of succinate dehydrogenase,7.7387859128165015,0.64705882352941,0.0,0.2126026762837346,0.0
1,17,COG4215,(ABC) transporter,7.728089002583354,0.4142156862745089,0.0,0.21102476910685294,0.0
1,18,COG5645,Protein of unknown function (DUF1375),7.718864383484894,0.42156862745097945,0.0,0.20967340369602155,0.0
1,19,COG5430,Spore Coat Protein U domain,7.710340894372948,0.2794117647058819,0.000216076058772688,0.22764010286469585,9.171309795105602e-05
1,20,COG3038,Prokaryotic cytochrome b561,7.649774993050269,0.5171568627450968,0.00108038029386344,0.2531343451691636,0.0002654693446787778
1,21,COG4943,PFAM EAL domain protein,7.614166044537177,0.3186274509803916,0.0,0.19492613502566983,0.0
1,22,COG2841,Protein of unknown function (DUF465),7.6021727065891875,0.4362745098039206,0.0,0.19330412334596875,0.0
1,23,COG2914,Belongs to the UPF0125 (RnfH) family,7.583783170226524,0.5735294117647044,0.0,0.1908431138074124,0.0
1,24,COG4582,"Cell division factor that enhances FtsZ-ring assembly. Directly interacts with FtsZ and promotes bundling of FtsZ protofilaments, with a reduction in FtsZ GTPase activity",7.5727020529740825,0.512254901960783,0.0,0.18937524101950376,0.0
1,25,COG4681,YaeQ,7.551244567600854,0.5710784313725475,0.000216076058772688,0.20329117775185165,8.917707749595047e-05
1,26,COG4133,"once thought to export heme, this seems not to be the case, but its exact role is uncertain. Responsible for energy coupling to the transport system",7.524978308095072,0.5147058823529399,0.000216076058772688,0.1982553675779782,8.184699195935151e-05
1,27,COG5007,BolA-like protein,7.524943591100207,0.580882352941175,0.0,0.18317629686819847,0.0
1,28,COG3096,"Plays a central role in chromosome condensation, segregation and cell cycle progression. Functions as a homodimer, which is essential for chromosome partition. Involved in negative DNA supercoiling in vivo, and by this means organize and compact chromosomes. May achieve or facilitate chromosome segregation by condensation DNA from both sides of a centrally located replisome during cell division",7.520491432630803,0.42892156862745,0.0,0.18260880470631038,0.0
1,29,COG5455,response to cobalt ion,7.517158564060062,0.4142156862745089,0.0,0.18218512700983805,0.0
1,30,COG3691,Protein of unknown function (DUF406),7.451701853005981,0.43137254901960687,0.0,0.17405953740108177,0.0
1,31,COG3073,"An anti-sigma factor for extracytoplasmic function (ECF) sigma factor sigma-E (RpoE). ECF sigma factors are held in an inactive form by an anti-sigma factor until released by regulated intramembrane proteolysis (RIP). RIP occurs when an extracytoplasmic signal triggers a concerted proteolytic cascade to transmit information and elicit cellular responses. The membrane-spanning regulatory substrate protein is first cut periplasmically (site-1 protease, S1P, DegS), then within the membrane itself (site-2 protease, S2P, RseP), while cytoplasmic proteases finish degrading the anti-sigma factor, liberating sigma-E",7.416109504987886,0.5269607843137242,0.0,0.16979352898057487,0.0
1,32,COG2965,Binds single-stranded DNA at the primosome assembly site (PAS),7.414072066562871,0.3602941176470581,0.0,0.16955249696265612,0.0
1,33,COG3079,Belongs to the UPF0149 family,7.411485678562806,0.5245098039215673,0.0,0.16924701330092687,0.0
1,34,COG0271,Belongs to the BolA IbaG family,7.399431299427793,0.5980392156862729,0.000432152117545376,0.18943590821441084,0.00012797135155241717
1,35,COG3159,"Protein of unknown function, DUF484",7.375053899606018,0.5318627450980379,0.0,0.1650016647614254,0.0
1,36,COG2960,Membrane fusogenic activity,7.365084329292695,0.563725490196077,0.0,0.16385848470458048,0.0
1,37,COG4535,Mg2 and Co2 transporter CorC,7.362048121379951,0.7745098039215664,0.000432152117545376,0.2998379481685907,0.0008286698472061143
1,38,COG5339,Bacterial protein of unknown function (DUF945),7.352596507213119,0.45833333333333226,0.0,0.1624376445622378,0.0
1,39,COG3100,YcgL domain,7.335226149508952,0.5220588235294105,0.0,0.16048161938074482,0.0
1,40,COG4580,LamB porin,7.325458406677555,0.3504901960784307,0.0015125324114088161,0.2676014199779206,0.0006746559308637444
1,41,COG4993,beta-propeller repeat,7.316170810800921,0.36274509803921495,0.0006482281763180639,0.1944323328691215,0.00022633620126817413
1,42,COG3098,tRNA pseudouridine synthase C,7.308345647007596,0.5049019607843125,0.0,0.1575007269561364,0.0
1,43,COG3313,Protein of unknown function (DUF1289),7.300402002747903,0.4656862745098028,0.0,0.15663040203904907,0.0
1,44,COG3072,Adenylate cyclase,7.290686159224902,0.48529411764705765,0.0,0.15557240513576184,0.0
1,45,COG3790,Cyd operon protein YbgE (Cyd_oper_YbgE),7.288036553580656,0.4877450980392145,0.0,0.15528511336917944,0.0
1,46,COG3085,Belongs to the UPF0438 family,7.240998816409692,0.45343137254901855,0.0,0.15027175390385533,0.0
1,47,COG3092,UPF0208 membrane protein,7.238459453500574,0.45833333333333226,0.0,0.15000572678004195,0.0
1,48,COG2915,Protein of unknown function (DUF489),7.236388310901215,0.41666666666666574,0.0,0.1497890974884243,0.0
1,49,COG3105,oxidoreductase activity,7.22916498635338,0.4828431372549008,0.0,0.14903600942115958,0.0
1,50,COG4776,Involved in mRNA degradation. Hydrolyzes single-stranded polyribonucleotides processively in the 3' to 5' direction,7.192488621494648,0.4558823529411754,0.000216076058772688,0.1517120467083725,4.404322437274521e-05
2,1,COG5282,hydrolase,8.831576223048843,0.6705882352941178,0.00021687269572760788,0.5151636769223081,0.0001329691574050324
2,2,COG0638,"Catalyzes the covalent attachment of the prokaryotic ubiquitin-like protein modifier Pup to the proteasomal substrate proteins, thereby targeting them for proteasomal degradation. This tagging system is termed pupylation. The ligation reaction involves the side-chain carboxylate of the C-terminal glutamate of Pup and the side-chain amino group of a substrate lysine",8.554995533423927,0.6117647058823539,0.00043374539145521576,0.47565787741945514,0.00026734981681107543
2,3,COG3429,Glucose-6-P dehydrogenase subunit,8.194612283059836,0.4941176470588259,0.00021687269572760788,0.3272495588233703,0.00012041793210861072
2,4,COG1938,PAC2 family,7.82892516540593,0.4423529411764724,0.00043374539145521576,0.2686192059347077,0.00018579473224220288
2,5,COG4044,May play a role in the intracellular transport of hydrophobic ligands,7.563786727796044,0.33176470588235357,0.0,0.18820241952603095,0.0
2,6,COG4850,Uncharacterized conserved protein (DUF2183),7.519532984467628,0.4658823529411785,0.001518108870093255,0.3319009293210123,0.0008143038653048824
2,7,COG2047,PAC2 family,7.400448498503822,0.268235294117647,0.0,0.1679495266799235,0.0
2,8,COG1507,Septum formation initiator family protein,7.274390181571994,0.5505882352941194,0.0021687269572760784,0.31966107241985825,0.00107126943206381
2,9,COG3281,Trehalose synthase,7.180735433193793,0.2823529411764707,0.00043374539145521576,0.17742309869055659,0.00022979952569954215
2,10,COG4425,Alpha/beta-hydrolase family N-terminus,7.1543041033880765,0.25647058823529395,0.00043374539145521576,0.1553101935303978,9.730451855816311e-05
2,11,COG5329,Domain of unknown function (DUF4032),6.931298224832259,0.18352941176470572,0.0,0.12104744006760035,0.0
2,12,COG4759,protein conserved in bacteria containing thioredoxin-like domain,6.712241274807584,0.19294117647058806,0.0,0.1038542315716782,0.0
2,13,COG5278,phosphoserine phosphatase activity,6.501055321424872,0.18352941176470572,0.0,0.08957589940776092,0.0
2,14,COG4243,Vitamin K epoxide reductase family,6.419330357405581,0.5411764705882371,0.00520494469746259,0.4056535433559912,0.003751312234477719
2,15,COG3336,Cytochrome c oxidase caa3 assembly factor (Caa3_CtaG),6.383026620221286,0.3364705882352948,0.0023855996530036862,0.15662154727084607,0.0008885701041664283
2,16,COG4981,Domain of unknown function (DUF3367),6.355644251928879,0.14823529411764694,0.0,0.08089163868315431,0.0
2,17,COG5398,Heme oxygenase,6.186682227970624,0.1529411764705881,0.00043374539145521576,0.0763961609995405,6.253316615960094e-05
2,18,COG4825,Thiamine pyrophosphokinase C terminal,6.102917190158609,0.4070588235294132,0.0034699631316417253,0.22655336083753946,0.002310717457624728
2,19,COG5479,peptidoglycan receptor activity,6.021665164436073,0.4423529411764724,0.003903708523096941,0.512742094461144,0.0069075748889604075
2,20,COG5450,Transcription regulator of the Arc MetJ class,5.988654455804487,0.11529411764705873,0.0010843634786380394,0.07763892943443072,0.00023843428806188735
2,21,COG2409,of the RND superfamily,5.898806247552967,0.6400000000000006,0.011060507482108,0.5822056496089021,0.008774714993242793
2,22,COG3573,FAD-binding dehydrogenase,5.766918645653166,0.15058823529411752,0.0017349815658208628,0.07230882821238921,0.0003462967047245468
2,23,COG1547,Domain of unknown function (DUF309),5.742045923424289,0.19764705882352923,0.0006506180871828236,0.06725769301230425,0.0002753328500135074
2,24,COG5609,Uncharacterized conserved protein (DUF2294),5.692998028113447,0.14352941176470577,0.0008674907829104315,0.06401602677108588,0.00025677419204399044
2,25,COG4846,COG4846 Membrane protein involved in cytochrome C biogenesis,5.657883742421182,0.20705882352941157,0.0010843634786380394,0.06926766047145685,0.0003917549534618616
2,26,COG4347,Protein of unknown function (DUF1405),5.637026310120042,0.22117647058823509,0.0010843634786380394,0.06825909005864203,0.0003917549534618616
2,27,COG4270,Membrane,5.603401450595864,0.2964705882352944,0.004771199306007373,0.1606192219387164,0.0023243067948747285
2,28,COG1222,Holliday junction DNA helicase ruvB N-terminus,5.554066519147331,0.574117647058825,0.010626762090652785,0.3830207973231319,0.007173614010644271
2,29,COG1612,Catalyzes the oxidation of the C8 methyl side group on heme O porphyrin ring into a formyl group,5.549406125897264,0.45176470588235484,0.012361743656473644,0.20156226811511951,0.003325345952473615
2,30,COG5624,beta-galactosidase activity,5.519886471316025,0.14823529411764694,0.0034699631316417253,0.1383751129483293,0.0020376227154597706
2,31,COG4362,Belongs to the NOS family. Bacterial NOS oxygenase subfamily,5.516388177071822,0.15058823529411752,0.00021687269572760788,0.04884013710360259,8.888225234738029e-05
2,32,COG4840,Belongs to the UPF0435 family,5.467189114600464,0.20705882352941157,0.0010843634786380394,0.06056738263403323,0.0003917549534618616
2,33,COG2322,Protein of unknown function (DUF420),5.467028078740624,0.22117647058823509,0.0021687269572760784,0.07291326105877041,0.00067102491381444
2,34,COG3346,SURF1-like protein,5.442754735003375,0.24470588235294094,0.009325525916287141,0.1648631842128834,0.0028134456784763124
2,35,COG1205,Domain of unknown function (DUF1998),5.431706378288225,0.4235294117647075,0.009325525916287141,0.22662249389889078,0.004273617535669537
2,36,COG4837,Protein of unknown function (DUF1462),5.3765321448236145,0.16235294117647045,0.0010843634786380394,0.0568176217979436,0.0003917549534618616
2,37,COG2210,DsrE/DsrF/DrsH-like family,5.3759701665937785,0.16235294117647045,0.0019518542615484706,0.07966201418807238,0.0009424094689101899
2,38,COG4844,Belongs to the UPF0741 family,5.323927486706441,0.2188235294117645,0.003686835827369333,0.1286720644641916,0.002237311998655864
2,39,COG3253,May function as heme-dependent peroxidase,5.291890001814622,0.6070588235294128,0.010409889394925178,0.2853494138565119,0.006309348587682892
2,40,COG2170,ATP-dependent carboxylate-amine ligase which exhibits weak glutamate--cysteine ligase activity,5.251925801159807,0.38352941176470706,0.023205378442854013,0.2581762171852688,0.0058015507931566575
2,41,COG5650,integral membrane protein,5.152282402991035,0.3058823529411768,0.015614834092387755,0.40574314478466106,0.01043743641500066
2,42,COG4339,Protein of unknown function (DUF4031),5.147571659278813,0.25882352941176456,0.008891780524831926,0.16364356738686905,0.0036448457190149186
2,43,COG4873,Uncharacterized protein conserved in bacteria (DUF2187),5.097071097119062,0.13176470588235284,0.0010843634786380394,0.046635866115005385,0.0003917549534618616
2,44,COG4365,"Involved in bacillithiol (BSH) biosynthesis. May catalyze the last step of the pathway, the addition of cysteine to glucosamine malate (GlcN-Mal) to generate BSH",5.094852936705733,0.21411764705882333,0.002819345044458902,0.06630073612425239,0.0009693198436390642
2,45,COG1646,"35 carbon atoms) to the C3 hydroxyl of sn-glycerol-1-phosphate (G1P), producing heptaprenylglyceryl phosphate (HepGP). This reaction is an ether-bond-formation step in the biosynthesis of archaea-type G1P-based membrane lipids found in Bacillales",5.026935352324726,0.27058823529411763,0.003903708523096941,0.10402494023465839,0.002221321830461201
2,46,COG4896,Uncharacterized protein conserved in bacteria (DUF2197),4.9784777606814705,0.13176470588235284,0.0010843634786380394,0.04287669574652334,0.0003917549534618616
2,47,COG3602,ACT domain,4.917295484320084,0.11529411764705873,0.006072435480373023,0.07471633167898006,0.0015057406972738435
2,48,COG3885,ferrous iron binding,4.848402299909738,0.12941176470588225,0.0023855996530036862,0.060571251072269836,0.0011372900052068658
2,49,COG4986,Binding-protein-dependent transport system inner membrane component,4.828519823706593,0.12235294117647048,0.009108653220559534,0.13027244619937187,0.0036200244783860074
2,50,COG3319,Polyketide synthase modules and related proteins,4.7752168555572325,0.1552941176470587,0.004771199306007373,0.08239826431598973,0.0020456044816380757
3,1,COG5107,Domain of Unknown Function (DUF349),8.20572783669217,0.809187279151948,0.0011941724385001195,0.4325004266643487,0.00046831526602295493
3,2,COG4704,Fibrobacter succinogenes major domain (Fib_succ_major),7.25993889640374,0.8445229681978846,0.006926200143300693,0.6205183861787164,0.0030550349924487563
3,3,COG4797,Motility related/secretion protein,6.8293491712063386,0.3380447585394594,0.0014330069262001434,0.2096588473063121,0.0008524255056257138
3,4,COG3489,"Psort location CytoplasmicMembrane, score",6.767885205493765,0.42049469964664493,0.004537855266300454,0.22461524614500078,0.0010702938406938322
3,5,COG3488,"Di-haem oxidoreductase, putative peroxidase",6.5682509717956,0.4746760895170811,0.0059708621925005975,0.2680527038192783,0.0018352855156023023
3,6,COG4360,Domain of unknown function (DUF4922),6.475668356299134,0.1990577149587753,0.0,0.08799598562786703,0.0
3,7,COG3712,Domain of unknown function (DUF4974),6.229311601421752,0.580683156654891,0.03463100071650347,2.1165118461854115,0.02722384668064425
3,8,COG4206,"Psort location OuterMembrane, score",5.910480895635055,0.9293286219081326,0.11416288512061228,4.563537934390522,0.0748865453181161
3,9,COG4520,"Psort location CytoplasmicMembrane, score 9.46",5.873205737335352,0.30153121319199155,0.005015524241700502,0.14308842513750342,0.0014582044299012156
3,10,COG4085,"PFAM nucleic acid binding, OB-fold, tRNA",5.841430479232563,0.5512367491166105,0.01504657272510153,0.5035441378818077,0.00779940633448449
3,11,COG3427,Polyketide cyclase,5.8376938099438735,0.8138987043580729,0.013852400286601407,0.42813088291032503,0.006503585368392881
3,12,COG4299,Domain of unknown function (DUF5009),5.823838260626745,0.4664310954063626,0.010031048483401011,0.3837193535277305,0.0057919429284055066
3,13,COG1747,Gliding motility protein,5.822036183707173,0.23910482921083684,0.0014330069262001434,0.13347329729075344,0.001376996415355163
3,14,COG4735,Psort location,5.726578371347004,0.5005889281507679,0.019823262479101995,0.5176994929526463,0.008795891386250303
3,15,COG3176,Acetyltransferase (GNAT) domain,5.532020312974392,0.7962308598351046,0.01504657272510153,0.4126706233364113,0.00794026989767895
3,16,COG2335,Beta-Ig-H3 fasciclin,5.37472026250848,0.17903415783274454,0.020539765942202064,0.35046489230989686,0.007470907369497924
3,17,COG3746,phosphate-selective porin O and P,5.239428827956185,0.8021201413427607,0.025316455696202524,0.7827157616081333,0.019745950806986677
3,18,COG1864,DNA/RNA non-specific endonuclease,5.210892165187087,0.8221436984687914,0.0358251731550036,0.7411580571722964,0.01903833167575839
3,19,COG5571,"Psort location OuterMembrane, score",5.167478413675489,0.4617196702002377,0.02268927633150227,0.2333769507268093,0.005521520972651742
3,20,COG1629,"TonB-linked outer membrane protein, SusC RagA family",5.160880681451464,0.9151943462897579,0.20611416288511775,13.694613818555174,0.38182616458188096
3,21,COG3172,AAA domain,5.1235799392351575,0.7997644287396982,0.024361117745402432,0.43208715582386964,0.011422930542203164
3,22,COG1635,FAD dependent oxidoreductase,5.121058631942513,0.21672555948174363,0.005254358729400526,0.1271287745272189,0.0026817510100739686
3,23,COG5368,protein conserved in bacteria,5.056033866237166,0.14252061248527667,0.0040601862909004065,0.08408276298769946,0.001557547638832414
3,24,COG3292,Histidine kinase,5.036989007150906,0.6902237926972946,0.034869835204203496,0.6649699735891376,0.019284759813766747
3,25,COG3137,COG NOG19097 non supervised orthologous group,5.005192529164591,0.5512367491166105,0.034869835204203496,0.33716727935091056,0.009529760618776357
3,26,COG3637,"Has lipid A 3-O-deacylase activity. Hydrolyzes the ester bond at the 3 position of lipid A, a bioactive component of lipopolysaccharide (LPS), thereby releasing the primary fatty acyl moiety",4.9836925549961855,0.9257950530035389,0.11679006448531257,3.6544152252438566,0.1145302646426917
3,27,COG1726,"NQR complex catalyzes the reduction of ubiquinone-1 to ubiquinol by two successive reactions, coupled with the transport of Na( ) ions from the cytoplasm to the periplasm. NqrA to NqrE are probably involved in the second step, the conversion of ubisemiquinone to ubiquinol",4.974530119997243,0.7714958775029489,0.033675662765703364,0.41262865170644547,0.01215612023498604
3,28,COG1730,unfolded protein binding,4.803839004824792,0.282685512367492,0.006448531167900645,0.15451384490583178,0.004567617922082104
3,29,COG2067,"Outer membrane protein transport protein, Ompp1 FadL TodX",4.800206295716902,0.9411071849234448,0.1089085263912117,2.076148734279762,0.07355238043950935
3,30,COG1596,Polysaccharide biosynthesis/export protein,4.643627433328828,0.9093050647821018,0.06782899450680714,0.8921772242217564,0.03473275437260757
3,31,COG3630,sodium ion export across plasma membrane,4.603074336018029,0.7149587750294503,0.025555290183902547,0.43062141875915205,0.01675986010647393
3,32,COG1347,"NQR complex catalyzes the reduction of ubiquinone-1 to ubiquinol by two successive reactions, coupled with the transport of Na( ) ions from the cytoplasm to the periplasm. NqrA to NqrE are probably involved in the second step, the conversion of ubisemiquinone to ubiquinol",4.602458154734509,0.7090694935217942,0.038930021495103946,0.4006755779364732,0.015534743754318469
3,33,COG4623,Transglycosylase SLT domain,4.55109104591887,0.6808009422850448,0.04967757344160514,0.43342441791564046,0.017531019371931703
3,34,COG2869,"NQR complex catalyzes the reduction of ubiquinone-1 to ubiquinol by two successive reactions, coupled with the transport of Na( ) ions from the cytoplasm to the periplasm. NqrA to NqrE are probably involved in the second step, the conversion of ubisemiquinone to ubiquinol",4.537159604029275,0.6065959952885779,0.03725818008120376,0.3309594854320839,0.013297626469785054
3,35,COG0724,RNA recognition motif,4.506586147433202,0.35571260306242775,0.020539765942202064,0.26356851736780496,0.010639130969948275
3,36,COG3701,Conjugative transposon TraK protein,4.482927069578585,0.2862190812720857,0.016479579651301673,0.23089897395492517,0.009370586321450311
3,37,COG2209,"NQR complex catalyzes the reduction of ubiquinone-1 to ubiquinol by two successive reactions, coupled with the transport of Na( ) ions from the cytoplasm to the periplasm. NqrA to NqrE are probably involved in the second step, the conversion of ubisemiquinone to ubiquinol",4.436499589637178,0.7208480565371064,0.039407690470504,0.38122008554342024,0.016652005460610093
3,38,COG4412,M6 family metalloprotease domain protein,4.336453115879712,0.5029446407538304,0.051110580367805296,0.6979325302306022,0.03359654990617177
3,39,COG3193,SusD family,4.226662905497841,0.5971731448763281,0.0773823740148082,0.6825808576653014,0.03551216426061135
3,40,COG3876,Protein of unknown function (DUF1343),4.1915539174367185,0.5795053003533598,0.04203486983520429,0.41826311502831065,0.02194579974928799
3,41,COG1572,Pentaxin family,4.102576274042774,0.6819787985865761,0.07714353952710817,1.1998483246502758,0.06890200592095443
3,42,COG4772,TonB dependent receptor,4.053436428516984,0.7043580683156693,0.05158824934320535,0.6228861016822952,0.03657503211570672
3,43,COG3696,Belongs to the resistance-nodulation-cell division (RND) (TC 2.A.6) family,4.017820504888226,0.6383981154299209,0.04800573202770495,0.43384331376375446,0.02584406659205432
3,44,COG3401,cell wall organization,4.013962511350439,0.17550058892815087,0.01767375208980179,0.18954648424786263,0.010794453504605213
3,45,COG3537,Glycosyl hydrolase family 92,4.003350319547229,0.7974087161366358,0.17721518987341622,1.8005388510510938,0.11133500345361623
3,46,COG0467,COG NOG25714 non supervised orthologous group,3.98090757043538,0.3698468786808024,0.026032959159302593,0.26185088687230973,0.01564703367347405
3,47,COG4775,Surface antigen,3.978752914681059,0.9905771495877561,0.1805588727012164,1.8245481714278133,0.11478953895302157
3,48,COG4680,"HigB_toxin, RelE-like toxic component of a toxin-antitoxin system",3.9768031339442684,0.16843345111896355,0.013852400286601407,0.08278119551589704,0.004321199272906943
3,49,COG0023,Translation initiation factor SUI1,3.9396557465962103,0.5759717314487661,0.0475280630523049,0.2882926693520323,0.017853104574986674
3,50,COG3577,COG NOG31314 non supervised orthologous group,3.924802193945781,0.32744405182567843,0.030093145450202984,0.2125429773645636,0.013060543431901118
4,1,COG5468,Lipopolysaccharide-assembly,6.532346583484511,0.14202898550724644,0.002131741632914091,0.13892564341089864,0.000511698036102117
4,2,COG4765,protein conserved in bacteria,6.449408093671366,0.14202898550724644,0.002558089959496909,0.14013581519463827,0.0006149978391617936
4,3,COG3820,protein conserved in bacteria,6.42891425885683,0.13913043478260875,0.002558089959496909,0.13814511916415445,0.0006149978391617936
4,4,COG3814,Stringent starvation protein B,6.356132777871041,0.14202898550724644,0.002558089959496909,0.13914516656417866,0.0007107695100671894
4,5,COG5352,GcrA cell cycle regulator,6.165913455213834,0.13623188405797107,0.002131741632914091,0.12843784138095965,0.0008027535562862431
4,6,COG4321,protein related to arylsulfate sulfotransferase involved in siderophore biosynthesis,6.145728448948901,0.1333333333333334,0.006608399062033681,0.2124592161943837,0.00201485411526322
4,7,COG3750,Uncharacterized protein conserved in bacteria (DUF2312),6.002461758799758,0.1478260869565218,0.003410786612662545,0.16134329593083133,0.00153228931007488
4,8,COG1424,Catalyzes the transformation of pimelate into pimeloyl- CoA with concomitant hydrolysis of ATP to AMP,5.356511604601502,0.2608695652173914,0.007887444041782135,0.1785461149577459,0.003382332717016228
4,9,COG4752,SAM-dependent RNA methyltransferase,5.3197800134730535,0.42318840579710165,0.010658708164570464,0.2935826170299556,0.0063755389640011385
4,10,COG5375,"Lipopolysaccharide-assembly, LptC-related",5.306760809691485,0.12173913043478267,0.004689831592411,0.1149048944644939,0.0019282462266805294
4,11,COG1865,Adenosylcobinamide amidohydrolase,4.696763365157924,0.28405797101449287,0.01939884885951824,0.2342067913865365,0.00806949701085666
4,12,COG4542,GHMP kinases N terminal domain,4.68911388178153,0.30724637681159433,0.01961202302280965,0.19032159932971807,0.006416518274003509
4,13,COG3736,VirB8 protein,4.61670402789692,0.1333333333333334,0.015774888083564302,0.23462898382605582,0.008604224801234949
4,14,COG5599,protein tyrosine phosphatase activity,4.515804400737854,0.11304347826086962,0.005542528245576636,0.07185143252336548,0.002184531263345988
4,15,COG2733,membrane,4.4762691400988155,0.4000000000000002,0.06309955233425742,0.5431748497228301,0.02344821669027833
4,16,COG1852,Protein of unknown function DUF116,4.440325272922352,0.3130434782608697,0.014495843103815843,0.19104264431231596,0.0078455853978548
4,17,COG5295,Tetratricopeptide repeat,4.4354415844946455,0.5246376811594201,0.08185887870390103,2.334121066672056,0.10692161629869233
4,18,COG3494,"Psort location Cytoplasmic, score 8.96",4.421519348659892,0.6666666666666639,0.03325516947345981,0.4826781072093643,0.02157077544104754
4,19,COG3660,Mitochondrial fission ELM1,4.34740979225517,0.15362318840579717,0.009806011511404825,0.12592936007959316,0.005235357228926129
4,20,COG4872,Predicted membrane protein (DUF2157),4.197368839939985,0.2173913043478262,0.017906629716478384,0.17892821896781486,0.008807658996228613
4,21,COG4067,Putative ATP-dependant zinc protease,4.134901178626177,0.12173913043478267,0.013216798124067383,0.1491312400102706,0.007545584793159709
4,22,COG4241,Predicted membrane protein (DUF2232),4.038126801710095,0.5449275362318835,0.048390535067150034,0.4291763453780556,0.025184798247115246
4,23,COG5345,Uncharacterized protein conserved in bacteria (DUF2333),4.013379742111711,0.11884057971014499,0.011724578981027514,0.10018891368060759,0.005265925791892811
4,24,COG1850,"Catalyzes the enolization of 2,3-diketo-5- methylthiopentyl-1-phosphate (DK-MTP-1-P) into 2-hydroxy-3-keto-5- methylthiopentenyl-1-phosphate (HK-MTPenyl-1-P)",3.9982766176050766,0.25217391304347836,0.02643359624813471,0.19740004382027942,0.0114148241076024
4,25,COG3780,Cro/C1-type HTH DNA-binding domain,3.8357585573906277,0.14202898550724644,0.012790449797484563,0.09700360070557583,0.005863784668300537
4,26,COG3807,Bacterial SH3 domain,3.8002033499648613,0.1304347826086957,0.015135365593690072,0.12181079293319573,0.007815792052347966
4,27,COG2861,Divergent polysaccharide deacetylase,3.789300647386857,0.4000000000000002,0.06480494564058865,0.34096654921993613,0.023733778573083706
4,28,COG5316,N-terminal domain of unknown function (DUF4140),3.7175760436870355,0.12753623188405802,0.014495843103815843,0.1101707274273085,0.007450619492494148
4,29,COG5336,function for this protein is to guide the assembly of the membrane sector of the ATPase enzyme complex,3.6538711722110957,0.3681159420289857,0.04156896184182486,0.28147928212793594,0.02144201135356502
4,30,COG2983,Belongs to the UPF0260 family,3.6018440731767054,0.1304347826086957,0.04647196759752733,0.18086590220251814,0.013979184693629278
4,31,COG5561,CGGC,3.596277200040808,0.28405797101449287,0.03837134939245369,0.23131907091238946,0.01820868135475116
4,32,COG5389,Protein of unknown function (DUF721),3.538504265585289,0.14492753623188412,0.015135365593690072,0.13866738015959806,0.011019850419067353
4,33,COG4649,Tetratricopeptide repeat-like domain,3.5361989272314815,0.13913043478260875,0.019825197186101057,0.13442913671429957,0.010673743923701904
4,34,COG1586,"Catalyzes the decarboxylation of S-adenosylmethionine to S-adenosylmethioninamine (dcAdoMet), the propylamine donor required for the synthesis of the polyamines spermine and spermidine from the diamine putrescine",3.5209362470611034,0.5826086956521727,0.11170326156469769,0.5966460043721784,0.05106388801662414
4,35,COG2945,Alpha/beta hydrolase family,3.445614710634821,0.1333333333333334,0.023875506288637813,0.12748572147096207,0.010792923630236931
4,36,COG1239,"Magnesium chelatase, subunit ChlI",3.406019142629395,0.1971014492753624,0.035600085269665335,0.2519485610704285,0.022862628796526726
4,37,COG4729,Domain of unknown function (DUF1850),3.3708043565379833,0.2811594202898552,0.03261564698358557,0.19219144224438833,0.01767560431454518
4,38,COG2990,Protein of unknown function (DUF535),3.362640613284286,0.33913043478260885,0.040929439351950626,0.21058517807595103,0.01956977551323428
4,39,COG3741,N-formylglutamate amidohydrolase,3.324451968716505,0.13913043478260875,0.030697079513962874,0.13386106896663386,0.012462534709885295
4,40,COG2992,Mannosyl-glycoprotein endo-beta-N-acetylglucosamidase,3.308135645858902,0.12753623188405802,0.031549776167128514,0.11130479549593296,0.010338360005806945
4,41,COG4097,FAD-binding domain,3.293779629928599,0.13623188405797107,0.028565337881048793,0.15365043409413984,0.014769745178208945
4,42,COG1993,"Uncharacterized ACR, COG1993",3.2849203330267294,0.10724637681159425,0.012364101470901744,0.06558256364471994,0.005831262268856155
4,43,COG0630,"COG0630 Type IV secretory pathway, VirB11 components, and related ATPases involved in archaeal flagella biosynthesis",3.267549348624506,0.1971014492753624,0.0405030910253678,0.1980395488212755,0.019668502528059767
4,44,COG2928,Protein of unknown function (DUF502),3.0810359523962663,0.19130434782608705,0.03240247282029416,0.14713090534417253,0.016504972698929542
4,45,COG3203,COG NOG37029 non supervised orthologous group,3.078483642025852,0.6695652173913015,0.11362182903432033,1.6696779342310075,0.19677747099644421
4,46,COG0774,"Catalyzes the hydrolysis of UDP-3-O-myristoyl-N- acetylglucosamine to form UDP-3-O-myristoylglucosamine and acetate, the committed step in lipid A biosynthesis",3.027656869906968,0.6289855072463747,0.11873800895331404,0.4743570042847574,0.05729138350423161
4,47,COG4174,Binding-protein-dependent transport system inner membrane component,3.0197852732486745,0.12173913043478267,0.03453421445320828,0.10240450913796234,0.011749511048847512
4,48,COG1067,Belongs to the peptidase S16 family,2.997347551742284,0.3159420289855074,0.07290556384566203,0.25081463095564704,0.030534753416860207
4,49,COG2710,"Nitrogenase molybdenum-iron protein, alpha",2.9548689440208555,0.28405797101449287,0.07077382221274799,0.6291666817374799,0.08027392838938764
4,50,COG3334,MgtE intracellular N domain,2.9433482794902033,0.11884057971014499,0.02643359624813471,0.0869848602741927,0.010438572492068959
5,1,COG4835,Protein of unknown function (DUF1149),8.037202585360967,0.44250000000000034,0.0,0.2616872895523864,0.0
5,2,COG4072,Protein of unknown function C-terminal (DUF3324),7.679528003332419,0.1650000000000001,0.001941328731665229,0.3215420400112591,0.0005733235627966356
5,3,COG4814,Alpha/beta hydrolase of unknown function (DUF915),7.5648357633480465,0.47750000000000037,0.007549611734253664,0.8406986332709859,0.0034454337763299646
5,4,COG5506,Protein of unknown function (DUF1694),7.059017048985091,0.6249999999999977,0.007333908541846417,0.3816646346416209,0.001869739367697111
5,5,COG4703,Protein of unknown function (DUF1797),6.882718051553704,0.4900000000000004,0.005176876617773942,0.2740341132384441,0.001330676400493559
5,6,COG4633,Cupredoxin-like domain,6.757159992553702,0.35250000000000026,0.005392579810181189,0.2942790694573502,0.001729762229260896
5,7,COG4918,Belongs to the HesB IscA family,6.196452964754773,0.23750000000000016,0.004529767040552199,0.1540272029628631,0.0011139256203590723
5,8,COG4858,Protein of unknown function (DUF1129),6.178143730219532,0.6599999999999969,0.013373597929249347,0.49927625800194325,0.005908811004422697
5,9,COG5353,Protein conserved in bacteria,6.06477732477859,0.562499999999999,0.014667817083692832,0.3175722787024854,0.0037591357211673097
5,10,COG4483,Bacterial protein of unknown function (DUF910),6.013405146212151,0.5799999999999986,0.0131578947368421,0.3302393048869038,0.004127746413159725
5,11,COG5503,Belongs to the UPF0356 family,5.980062417788877,0.6349999999999975,0.014452113891285584,0.3687646606386069,0.004857971284591927
5,12,COG4479,Belongs to the UPF0346 family,5.9634955938685215,0.5899999999999984,0.0131578947368421,0.33542688774157714,0.00439137630035958
5,13,COG4892,Cytochrome B5,5.948737103717506,0.1650000000000001,0.0036669542709232093,0.12530694668451636,0.0010449322880543843
5,14,COG4940,Putative Competence protein ComGF,5.787836868804345,0.4300000000000003,0.013373597929249347,0.3063693787597341,0.004563499992826578
5,15,COG4471,Uncharacterized protein conserved in bacteria (DUF2129),5.600563656320813,0.6274999999999976,0.020707506471095764,0.36161493812561574,0.00647322465562943
5,16,COG4699,Protein of unknown function (DUF1033),5.559359440974535,0.3050000000000002,0.006471095772217427,0.17288095405419737,0.0026873814453253686
5,17,COG4470,Protein of unknown function (DUF1027),5.55746669944887,0.6349999999999975,0.02113891285591026,0.3738717756249126,0.006960100791722171
5,18,COG4851,sex pheromone,5.530490233388952,0.4950000000000004,0.014452113891285584,0.2777110372687895,0.005029908424674266
5,19,COG4698,Uncharacterized protein conserved in bacteria (DUF2140),5.4332514521650355,0.3700000000000003,0.010353753235547882,0.19601275321075645,0.003559557313366702
5,20,COG4473,ABC transporter,5.410150354333018,0.6649999999999968,0.02027610008628127,0.3967512870515301,0.008353928715570492
5,21,COG4476,Belongs to the UPF0223 family,5.293919870583276,0.5924999999999984,0.017256255392579804,0.3189085217785249,0.007154496175241134
5,22,COG4477,modulates the frequency and position of FtsZ ring formation. Inhibits FtsZ ring formation at polar sites. Interacts either with FtsZ or with one of its binding partners to promote depolymerization,5.160186694772987,0.8124999999999937,0.02351164797238998,0.4672337575752682,0.01209458511260613
5,23,COG4098,COG4098 Superfamily II DNA RNA helicase required for DNA uptake (late competence protein),5.081686649519922,0.8074999999999938,0.02717860224331319,0.46949758569337735,0.012893679910575493
5,24,COG3684,Belongs to the aldolase LacD family,4.923970621861551,0.4175000000000003,0.02264883520276099,0.33924956248012433,0.010208170283485342
5,25,COG4839,Cell division protein FtsL,4.841202691061,0.5949999999999983,0.02717860224331319,0.3354920990220693,0.010738906572131382
5,26,COG4707,Domain of unknown function (DUF771),4.734927990193899,0.11250000000000006,0.0036669542709232093,0.06161213470920414,0.001351273551002297
5,27,COG1577,Mevalonate kinase,4.669643541868217,0.6874999999999963,0.0349439171699741,0.8304285978552937,0.03166797264686463
5,28,COG4836,Protein of unknown function (DUF1146),4.664298865147119,0.32250000000000023,0.019628990509059526,0.1748710104520437,0.005935861170666155
5,29,COG3763,UPF0154 protein,4.664079989373822,0.7899999999999942,0.031061259706643644,0.43470017481522966,0.016185404359376737
5,30,COG3611,membrane attachment protein,4.653513841356113,0.8324999999999932,0.03321829163071612,0.5002237237100975,0.018915186012036164
5,31,COG4537,Required for transformation and DNA binding,4.576437911137203,0.7449999999999951,0.02200172562553925,0.41807763677729787,0.016565050456689025
5,32,COG3425,Hydroxymethylglutaryl-CoA synthase,4.543057811407334,0.6974999999999961,0.026747195858498694,0.4419097563344086,0.0179984676495329
5,33,COG5521,maltodextrose utilization protein MalA,4.522833792579593,0.25250000000000017,0.01143226919758412,0.15598974777576835,0.005829087145275422
5,34,COG3343,"Participates in both the initiation and recycling phases of transcription. In the presence of the delta subunit, RNAP displays an increased specificity of transcription, a decreased affinity for nucleic acids, and an increased efficiency of RNA synthesis because of enhanced recycling",4.487278356568212,0.7999999999999939,0.036453839516824835,0.4571550772283708,0.019427119027657442
5,35,COG3407,decarboxylase,4.472925749299806,0.6749999999999966,0.02610008628127695,0.41435627801765623,0.017704063153522735
5,36,COG4955,Helix-turn-helix domain,4.430391205217385,0.25500000000000017,0.015314926660914574,0.13323822532740867,0.005225805613559204
5,37,COG3575,Nucleotidyltransferase,4.40929877548135,0.24500000000000016,0.02372735116479723,0.1472909259047439,0.005978842313646934
5,38,COG5584,Small secreted protein,4.381366615597508,0.22500000000000014,0.013805004314063842,0.11273260750592576,0.00445710390384472
5,39,COG4841,Belongs to the HesB IscA family,4.337891156834522,0.24000000000000016,0.018766177739430536,0.1456612116269227,0.006252369326723825
5,40,COG4088,SIR2-like domain,4.334828793589887,0.12000000000000006,0.006686798964624674,0.08003849831453676,0.003015853782978956
5,41,COG3548,Protein of unknown function (DUF1211),4.313924462562387,0.35750000000000026,0.01941328731665228,0.2989443371396979,0.014080648056111358
5,42,COG4808,Protein of unknown function (DUF1307),4.29113083554894,0.1825000000000001,0.017040552200172556,0.1511750807493969,0.006772924405550669
5,43,COG3557,Belongs to the UPF0374 family,4.281518276403492,0.609999999999998,0.026531492666091446,0.3358527177047569,0.01632106643270845
5,44,COG2514,Glyoxalase/Bleomycin resistance protein/Dioxygenase superfamily,4.211541126855801,0.3100000000000002,0.023080241587575486,0.2003572396282672,0.009868435735510805
5,45,COG4330,Protein of unknown function (DUF1361),4.203579790938146,0.25250000000000017,0.014667817083692832,0.14018158520092733,0.006662569870980228
5,46,COG4469,Competence protein,4.194214246899587,0.6349999999999975,0.04896462467644519,0.3949528162613912,0.020630130503541063
5,47,COG5294,Protein of unknown function (DUF1093),4.113436702374227,0.21000000000000013,0.020491803278688516,0.20342281785587052,0.010810316542629088
5,48,COG4116,Adenylate cyclase,4.097704527695051,0.6249999999999977,0.033865401207937865,0.34918931695961597,0.019453654561903167
5,49,COG1257,Belongs to the HMG-CoA reductase family,4.0828571180181665,0.6299999999999976,0.03796376186367557,0.40695685472594784,0.0230741950158565
5,50,COG3272,Protein of unknown function (DUF1722),4.07318690030088,0.21750000000000014,0.01660914581535806,0.12581639702794278,0.006533971541394622
6,1,COG5565,Terminase RNaseH-like domain,6.112032892967848,0.11211211211211229,0.0014862521674510775,0.09262304582827537,0.0003535600587923025
6,2,COG5019,ATPase. Has a role at an early stage in the morphogenesis of the spore coat,5.21822917232416,0.3383383383383372,0.013623978201634877,0.19749564990002974,0.004332212987779616
6,3,COG0857,DHHA2,4.1977375944687925,0.42442442442442135,0.030963586821897343,0.24312928734346986,0.012303776905741538
6,4,COG3411,Ferredoxin,3.7902932503855435,0.5095095095095046,0.07257864751052752,0.44004607307022425,0.030878068454092435
6,5,COG3294,Metal dependent phosphohydrolases with conserved 'HD' motif.,3.5765998754183514,0.4214214214214184,0.034183799851374694,0.24355746754266505,0.019498264063593444
6,6,COG2000,Putative Fe-S cluster,3.492118380503661,0.3623623623623607,0.04780777805300967,0.24148992928464647,0.02055069725322549
6,7,COG4813,Trehalose utilisation,3.40498257429476,0.24124124124124208,0.03319296507307397,0.16370014314241244,0.01454862849512541
6,8,COG0070,PFAM glutamate synthase alpha subunit domain protein,3.1682778118069046,0.32332332332332253,0.03765172157542723,0.1965269622269307,0.020972512934927957
6,9,COG4474,Protein of unknown function (DUF1273),3.1212606638131506,0.676676676676668,0.13103789943026903,0.5701830787079247,0.06464206712405036
6,10,COG3432,Domain of unknown function (DUF4364),3.0892019901163317,0.859859859859847,0.13673519940549836,0.5229888344076765,0.06057147690711097
6,11,COG3854,ATPases associated with a variety of cellular activities,3.0581424433083555,0.8758758758758627,0.15135001238543447,0.5345509286044158,0.0632995850452961
6,12,COG4818,Domain of unknown function (DUF4870),3.041439471856223,0.1621621621621626,0.02204607381719094,0.09473884385952133,0.010628499207715811
6,13,COG3225,transport system,3.0262874611008006,0.5605605605605545,0.09858806044092083,0.3870666661398541,0.046632462952549386
6,14,COG2002,SpoVT / AbrB like domain,3.0037314012264504,0.9289289289289145,0.20956155561060372,1.1272214220418992,0.13966339362259605
6,15,COG4333,Protein of unknown function (DUF1643),2.9875176891174733,0.21021021021021088,0.024770869457517896,0.12052258740329776,0.014322321503014641
6,16,COG4379,tail protein,2.947013876315093,0.18418418418418472,0.023532325984642007,0.09995150836568198,0.012091012511349399
6,17,COG1306,Putative glycosyl hydrolase domain,2.9429850189701323,0.394394394394392,0.06341342581124607,0.23258448974475138,0.029375066281939418
6,18,COG2052,Belongs to the UPF0296 family,2.908452336006631,0.768768768768758,0.12236809512013758,0.44599709824918127,0.058535130475906326
6,19,COG2163,COG2163 Ribosomal protein L14E L6E L27E,2.908031344596731,0.628628628628621,0.10651473866732641,0.39693821339823315,0.052016491367391546
6,20,COG3581,"2-hydroxyglutaryl-CoA dehydratase, D-component",2.87346029364973,0.537537537537532,0.07109239534307647,0.3299328993634468,0.04415878040718771
6,21,COG1768,Ser Thr phosphatase family protein,2.8445993998242582,0.8848848848848715,0.11171662125340508,0.5247490749132774,0.07219286922142554
6,22,COG3874,Sporulation protein YtfJ,2.737647260458039,0.8878878878878744,0.17686400792667886,0.5559780828479145,0.08250724634209496
6,23,COG1873,PRC-barrel domain,2.7209324542049376,0.8508508508508382,0.15357939063661116,0.5148501701059492,0.07724224320833033
6,24,COG2155,Domain of unknown function (DUF378),2.697282021128384,0.7957957957957844,0.15655189497151342,0.46718719734947195,0.07118662519685419
6,25,COG1614,CO dehydrogenase/acetyl-CoA synthase complex beta subunit,2.6449920553703294,0.13513513513513542,0.03740401288085205,0.11044464722424413,0.01681711022874544
6,26,COG3546,Manganese containing catalase,2.6190171211576576,0.7377377377377277,0.182313599207333,0.6087591846601603,0.0982557414847746
6,27,COG2229,ATPase. Has a role at an early stage in the morphogenesis of the spore coat,2.6138696460237596,0.10210210210210223,0.015357939063661135,0.05948980000654072,0.00888163891805723
6,28,COG1618,NTPase,2.6058042143587596,0.16016016016016058,0.03121129551647252,0.09667299563297596,0.015045353011796362
6,29,COG5542,integral membrane protein,2.602128943194838,0.21021021021021088,0.04087193460490459,0.154561134883598,0.024620183640597135
6,30,COG2426,Putative small multi-drug export protein,2.4961967187635,0.5935935935935868,0.1241020559821638,0.3664172699625987,0.06412226218659849
6,31,COG2715,Nucleoside recognition,2.4908130541706344,0.6816816816816729,0.15878127322269012,0.41169469871556175,0.07242085662818398
6,32,COG3363,IMP cyclohydrolase-like protein,2.4843544252852277,0.6336336336336259,0.1466435471885059,0.372675712215903,0.06577742512859366
6,33,COG3420,Right handed beta helix region,2.458038378337064,0.3583583583583568,0.14466187763190438,0.616310316222159,0.11134668244581003
6,34,COG4908,Psort location,2.437405470929307,0.302302302302302,0.09462472132771804,0.22149312435365703,0.0400756492106269
6,35,COG2323,Protein of unknown function (DUF421),2.4368658877446268,0.8948948948948813,0.21055239038890447,0.6868706395069044,0.12603899375703445
6,36,COG3422,double-strand break repair,2.429037402021894,0.1661661661661666,0.05152340847163739,0.12793099139170505,0.022941105669457045
6,37,COG4386,Phage tail sheath protein subtilisin-like domain,2.384257898441035,0.1131131131131133,0.02427545206836754,0.0659498874963114,0.01182379913134571
6,38,COG1783,"Phage terminase, large subunit, PBSX family",2.3752840602048497,0.7807807807807697,0.1991577904384458,0.6362118864106933,0.12181519951803789
6,39,COG2333,Metallo-beta-lactamase superfamily,2.3312574363159606,0.7837837837837727,0.2521674510775361,0.8286828226873214,0.16386698005449946
6,40,COG1474,"Psort location Cytoplasmic, score",2.3294546237886857,0.3243243243243235,0.06093633886549428,0.19018986705238336,0.03703900565600576
6,41,COG4346,C-terminal four TMM region of protein-O-mannosyltransferase,2.323845887699604,0.256256256256257,0.0567252910577162,0.15754276762482916,0.030666430945920368
6,42,COG4124,Belongs to the glycosyl hydrolase 26 family,2.3203690877421552,0.21721721721721793,0.093138469160267,0.3411760392981389,0.06750920038199672
6,43,COG1191,Sigma factors are initiation factors that promote the attachment of RNA polymerase to specific initiation sites and are then released,2.3145164752105067,0.9929929929929772,0.40326975476840093,2.661136466665952,0.5341695931484302
6,44,COG4627,Stress responsive A/B Barrel Domain,2.2856668558979027,0.228228228228229,0.06118404756006946,0.13208983050648246,0.026295470719255903
6,45,COG3393,GNAT acetyltransferase,2.2729084586135486,0.29529529529529513,0.0785236561803317,0.19874470756152599,0.040329643352627446
6,46,COG2379,PFAM MOFRL domain protein,2.235751836961142,0.1821821821821827,0.04508298241268267,0.10290391632987733,0.021059900611313655
6,47,COG1657,Cysteine-rich secretory protein family,2.2317669063337875,0.4784784784784742,0.13202873420856978,0.48077208734587945,0.10156822794225123
6,48,COG3459,Putative carbohydrate binding domain,2.223023153822148,0.47947947947947517,0.13103789943026903,0.43513910627412744,0.09241752973556434
6,49,COG4209,carbohydrate ABC transporter membrane protein 1 CUT1 family,2.216881435604245,0.31731731731731666,0.12360663859301345,0.9509878916832901,0.20377815023449916
6,50,COG2313,"Catalyzes the reversible cleavage of pseudouridine 5'- phosphate (PsiMP) to ribose 5-phosphate and uracil. Functions biologically in the cleavage direction, as part of a pseudouridine degradation pathway",2.2094310699720454,0.28028028028028046,0.061927173643795005,0.17531227791010856,0.03712216274408273
7,1,COG3359,Predicted 3'-5' exonuclease related to the exonuclease domain of PolB,5.3568212502577435,0.7142857142857053,0.017346460384435086,0.34663746975539433,0.007483258531764872
7,2,COG4636,Putative restriction endonuclease,4.202319553983442,0.32337662337662343,0.017346460384435086,0.2209382072752801,0.011056127619950045
7,3,COG1655,Uncharacterized protein conserved in bacteria (DUF2225),4.052408814890741,0.18311688311688315,0.011954992967651209,0.08306351930816502,0.004066533980610699
7,4,COG4091,domain protein,4.013267929289326,0.22207792207792212,0.016877637130801707,0.14596698912398076,0.00810134903153801
7,5,COG1728,Protein of unknown function (DUF327),3.6120066592243956,0.19740259740259744,0.020628223159868734,0.08662208304841659,0.006166237950113451
7,6,COG4717,"Psort location Cytoplasmic, score 8.87",3.4000018629161346,0.4935064935064936,0.0421940928270043,0.22989696521579195,0.020873368963855242
7,7,COG1308,Domain of unknown function (DUF4342),3.1297182928502565,0.18311688311688315,0.023675574308485693,0.12018082085872424,0.012845058842960125
7,8,COG4548,von Willebrand factor (vWF) type A domain,2.9400453514617664,0.3714285714285715,0.06422878574777335,0.27759427876279363,0.035301983417634936
7,9,COG4465,DNA-binding protein that represses the expression of many genes that are induced as cells make the transition from rapid exponential growth to stationary phase. It is a GTP-binding protein that senses the intracellular GTP concentration as an indicator of nutritional limitations. At low GTP concentration it no longer binds GTP and stop to act as a transcriptional repressor,2.938075124155202,0.6597402597402531,0.06774496015002364,0.2762473637720224,0.035175844934850264
7,10,COG1406,Hemerythrin HHE cation binding domain,2.9007924373443537,0.16883116883116886,0.02695733708391934,0.09486219649558823,0.011835767471092832
7,11,COG1978,glycine betaine sarcosine D-proline reductase family,2.8941550589170877,0.23246753246753252,0.04008438818565407,0.24094561996774375,0.03154544989908064
7,12,COG1315,Flagellar Assembly Protein A,2.8760000977665645,0.32337662337662343,0.05438349742147232,0.22026431757126738,0.02914040513632775
7,13,COG2703,"Psort location Cytoplasmic, score 8.87",2.7956960191365354,0.4064935064935066,0.03516174402250352,0.17347945950386726,0.02412788563094706
7,14,COG3044,"Psort location Cytoplasmic, score 8.87",2.788339710615088,0.44155844155844165,0.04360056258790446,0.16927266618016829,0.02364739614871748
7,15,COG2263,Methyltransferase domain,2.759278558541929,0.5571428571428548,0.05649320206282255,0.23853113294342265,0.034378250780024405
7,16,COG4976,"Psort location Cytoplasmic, score 8.87",2.7426331231695507,0.6233766233766183,0.06821378340365701,0.26333089074709093,0.038494178280283
7,17,COG2602,"Psort location CytoplasmicMembrane, score",2.721079706776199,0.25974025974025977,0.03422409751523675,0.10753252540389993,0.015460131339564618
7,18,COG4753,"helix_turn_helix, arabinose operon control protein",2.6936260428732686,0.16233766233766236,0.025316455696202517,0.07284380523177243,0.010414367001686376
7,19,COG1871,"Probably deamidates glutamine residues to glutamate on methyl-accepting chemotaxis receptors (MCPs), playing an important role in chemotaxis",2.6462121491132518,0.26883116883116887,0.043366150961087764,0.10641718138035787,0.01615870550713618
7,20,COG1345,"Required for morphogenesis and for the elongation of the flagellar filament by facilitating polymerization of the flagellin monomers at the tip of growing filament. Forms a capping structure, which prevents flagellin subunits (transported through the central channel of the flagellum) from leaking out without polymerization at the distal end",2.5604422388181622,0.26493506493506497,0.10759493670886021,0.3130121503226922,0.05223246005184443
7,21,COG4512,Accessory gene regulator,2.5331779417048987,0.28831168831168835,0.06071261134552302,0.2247263692177714,0.03799597212276284
7,22,COG1437,Adenylate cyclase,2.4816501171152163,0.20779220779220783,0.025082044069385828,0.12984028504272813,0.022425580274612614
7,23,COG1915,PFAM LOR SDH bifunctional enzyme conserved region,2.461488136438361,0.18051948051948055,0.041725269573370916,0.14378420652910137,0.02528690328810674
7,24,COG1244,"Elongator protein 3, MiaB family, Radical SAM",2.436372565076056,0.18831168831168835,0.03023909985935299,0.09684340599408581,0.017076333267126383
7,25,COG1776,Flagellar motor switch protein FliN,2.430398265710497,0.28571428571428575,0.05696202531645594,0.21437878470680713,0.038955828714841004
7,26,COG3858,Glyco_18,2.362008698430277,0.670129870129863,0.09821847163619278,0.3731785802105681,0.07178526281664246
7,27,COG1930,Part of the energy-coupling factor (ECF) transporter complex CbiMNOQ involved in cobalt import,2.34253297023902,0.21818181818181823,0.04195968120018761,0.09048590983570079,0.017037715040156366
7,28,COG3543,Protein of unknown function (DUF1284),2.3417492068528465,0.19610389610389614,0.029535864978902922,0.08397765579736044,0.015763627149141875
7,29,COG2158,Cysteine-rich small domain,2.332849875498739,0.29350649350649355,0.04453820909517123,0.13178619908617156,0.02535694994468269
7,30,COG3976,FMN-binding domain protein,2.3108459908699768,0.7038961038960954,0.11626816690107758,0.42518718405537276,0.08489471187383527
7,31,COG1334,flagellar protein FlaG,2.287498638273262,0.18571428571428575,0.039146741678387297,0.08039215668003975,0.015671583469607547
7,32,COG3103,Peptidase_C39 like family,2.263925938642573,0.829870129870116,0.2515236755743127,0.8835807030602233,0.18317379862108982
7,33,COG4086,Protein of unknown function (DUF1002),2.260546587759729,0.45974025974025984,0.08368495077355827,0.2288923615975269,0.04697690323489211
7,34,COG4641,DUF based on E. rectale Gene description (DUF3880),2.2500716722046867,0.16363636363636366,0.07360525082044078,0.22254769381218545,0.04599277896080086
7,35,COG4862,"Psort location Cytoplasmic, score 8.87",2.206348578505802,0.6571428571428506,0.12822315986872873,0.3346551904744807,0.07173044827448218
7,36,COG3323,cog cog3323,2.192455602154363,0.11038961038961041,0.029301453352086233,0.06332279198740376,0.013072458826750772
7,37,COG1895,HEPN domain,2.1912839525927126,0.18311688311688315,0.03516174402250352,0.0865095842694585,0.018160790477138578
7,38,COG2946,Replication initiation factor,2.1870651335562674,0.17402597402597406,0.03656821378340368,0.1395959215818774,0.029874541378158013
7,39,COG4267,"Psort location CytoplasmicMembrane, score",2.180923984829613,0.1207792207792208,0.0192217533989686,0.05107940060902994,0.010485302536681913
7,40,COG4805,protein conserved in bacteria,2.174100372539198,0.5948051948051909,0.0733708391936241,0.25090251393040086,0.05481656112478114
7,41,COG4187,Peptidase family M20/M25/M40,2.151644263931916,0.11428571428571431,0.0325832161275199,0.08029366354285801,0.017295624249415317
7,42,COG1550,Protein of unknown function (DUF503),2.1480579053561555,0.10259740259740262,0.03234880450070321,0.06321511406935264,0.013487965276237118
7,43,COG1582,Flagellar protein (FlbD),2.146491595460306,0.17402597402597406,0.03398968588842006,0.06694391478284749,0.014345894588783282
7,44,COG2088,Could be involved in septation,2.1252204948197573,0.7571428571428463,0.1474449132676981,0.42879617986051377,0.09751615076921365
7,45,COG3938,Proline racemase,2.0967023443488517,0.1272727272727273,0.031176746366619747,0.06787604099755594,0.015102669459788574
7,46,COG1954,glycerol-3-phosphate responsive antiterminator,2.0827042685227806,0.364935064935065,0.08251289263947484,0.1709558334244751,0.039593869990664894
7,47,COG5464,TIGRFAM conserved,2.0732574233966687,0.6233766233766183,0.18143459915611954,1.4762018881106145,0.35001621660195104
7,48,COG1516,Flagellar protein FliS,2.0669024359939843,0.2545454545454546,0.09728082512892604,0.18136571615771838,0.04252547958964473
7,49,COG0851,Prevents the cell division inhibition by proteins MinC and MinD at internal division sites while permitting inhibition at polar sites. This ensures cell division at the proper site by restricting the formation of a division septum at the midpoint of the long axis of the cell,2.0573734683464937,0.47272727272727283,0.10009376465072627,0.19237729602261594,0.0454594813214757
7,50,COG2972,Histidine kinase,2.04586116946584,0.685714285714278,0.35302390998594363,1.8835296291410517,0.45539133565274614
