Genome_ID,Microbiome,Gene_count,DNA_UMAP_1,DNA_UMAP_2,DNA_cluster,Functional_UMAP_1,Functional_UMAP_2,Functional_cluster
SGB001,Vaginal,1148,12.487702,-0.3296936,4,0.4553203,-3.5080154,4
SGB002,Vaginal,1174,5.5180554,7.441609,2,1.39472,-0.81423956,6
SGB003,Vaginal,1511,9.494113,1.8462696,4,0.15358263,4.0412927,-1
SGB004,Vaginal,1143,0.18994132,4.0882287,0,16.986614,-0.40159532,1
SGB005,Vaginal,1101,0.0637304,4.2694526,0,17.048082,-0.47811437,1
SGB006,Vaginal,2031,12.534005,-1.2410831,4,0.43693212,-4.0796084,4
SGB007,Vaginal,1610,10.915571,4.2046657,4,-10.189721,15.480661,0
SGB008,Vaginal,1193,5.166084,7.2806263,2,1.9425409,-0.7567851,6
SGB009,Vaginal,1170,9.836828,1.8982946,4,0.93102646,0.47735912,7
SGB010,Vaginal,1243,11.097187,2.7869112,4,0.8143223,0.22676758,7
SGB011,Vaginal,1108,13.790945,1.9884357,-1,0.5186776,-1.1617458,-1
SGB012,Vaginal,1216,9.16393,1.5028878,4,0.11101688,4.544077,-1
SGB013,Vaginal,1847,8.766381,4.8990526,3,-10.155942,15.789966,0
SGB014,Vaginal,1819,9.026391,5.3444467,3,-10.307749,15.856154,0
SGB015,Vaginal,1046,5.630368,7.211155,2,1.2744977,-0.87409616,6
SGB016,Vaginal,1046,0.09569085,4.053317,0,17.03799,-0.6200131,1
SGB017,Vaginal,1228,13.656831,2.1309273,-1,1.1517562,1.4729153,7
SGB018,Vaginal,1467,12.650717,-0.7779918,4,0.46971866,-3.8193452,4
SGB019,Vaginal,1162,12.492852,-0.42084658,4,0.53685534,-3.4662707,4
SGB020,Vaginal,1140,0.2963264,4.4154215,0,17.046991,-0.53244925,1
SGB021,Vaginal,1106,13.862326,2.0867062,-1,0.60481495,-1.1131029,6
SGB022,Vaginal,1707,8.488557,5.0701213,3,-10.183048,15.59879,0
SGB023,Vaginal,1313,10.011322,1.0145727,4,0.10050794,4.1382422,-1
SGB024,Vaginal,1316,14.007384,-1.7638943,4,-0.9132476,-3.2576144,5
SGB025,Vaginal,1687,9.903262,5.0284677,3,-10.159811,15.488284,0
SGB026,Vaginal,1100,0.6821513,4.2686925,0,17.091402,-0.51930624,1
SGB027,Vaginal,1074,5.0704684,7.364778,2,1.1981398,-0.84396076,6
SGB028,Vaginal,1065,0.15146951,4.461828,0,17.019056,-0.58828354,1
SGB029,Vaginal,1151,10.688555,2.476737,4,0.10027336,4.4591446,-1
SGB030,Vaginal,1837,2.8507292,1.7763802,1,14.429332,7.9094133,2
SGB031,Vaginal,1741,12.666444,-0.8558036,4,0.4813202,-3.9242976,4
SGB032,Vaginal,1077,-0.012501703,4.345763,0,16.993402,-0.53587294,1
SGB033,Vaginal,1953,13.258022,-1.1276573,4,-1.4002135,-3.592134,5
SGB034,Vaginal,1375,9.768025,1.7956157,4,0.8341218,0.83480674,7
SGB035,Vaginal,1405,12.023311,1.3098404,4,-10.27797,15.438507,0
SGB036,Vaginal,1378,12.607561,-1.348244,4,0.42472598,-4.0100927,4
SGB037,Vaginal,1554,12.356341,2.7573445,4,0.93493545,2.302931,7
SGB038,Vaginal,438,10.477486,-3.133387,-1,3.3954887,-3.3182805,-1
SGB039,Vaginal,1952,12.629156,-1.2690148,4,0.34748137,-4.0551887,4
SGB040,Vaginal,1389,12.696433,-0.76556915,4,0.44451287,-3.7347806,4
SGB041,Vaginal,1188,0.15876399,4.196215,0,17.014784,-0.5201562,1
SGB042,Vaginal,1181,0.19422296,4.2667136,0,16.955973,-0.35016286,1
SGB043,Vaginal,1018,12.50553,0.083964795,4,0.8820751,-2.3964605,-1
SGB044,Vaginal,1140,0.5605195,4.333358,0,16.970243,-0.3748256,1
SGB045,Vaginal,1059,13.620717,2.0535545,-1,0.29721004,-2.242548,-1
SGB046,Vaginal,1142,4.9583154,7.234863,2,1.961231,-0.80271965,6
SGB047,Vaginal,1296,10.839155,3.4518158,4,-10.1538315,14.784318,0
SGB048,Vaginal,2422,9.380284,5.247863,3,-9.717245,15.704905,0
SGB049,Vaginal,1684,12.536659,3.8333867,4,2.057577,1.4567114,7
SGB050,Vaginal,1494,12.375468,3.6635423,4,0.4754488,2.1612248,7
SGB051,Vaginal,1668,12.709194,3.2343347,4,0.9599874,2.4354944,7
SGB052,Vaginal,1828,11.076977,6.2717047,4,-9.93611,14.051991,0
SGB053,Vaginal,1786,2.8222663,-0.5705884,1,16.711853,0.085568525,1
SGB054,Vaginal,1562,9.711406,5.073355,3,-10.454124,15.710275,0
SGB055,Vaginal,1725,2.9737072,1.6396652,1,14.417977,7.820723,2
SGB056,Vaginal,1174,0.19751517,4.109453,0,16.93623,-0.4333053,1
SGB057,Vaginal,1948,13.925651,-1.4147904,4,-1.4107741,-3.6407785,5
SGB058,Vaginal,1028,0.5623454,4.3138623,0,16.985262,-0.7297506,1
SGB059,Vaginal,1974,9.620457,1.812249,4,2.8232942,11.134446,3
SGB060,Vaginal,2582,13.041508,-1.2217124,4,-0.9125984,-4.166721,4
SGB061,Vaginal,2063,8.818194,4.9878674,3,-9.979402,15.964015,0
SGB062,Vaginal,1874,8.177739,2.6675231,4,-0.3150313,1.0449414,8
SGB063,Vaginal,757,11.084625,4.890794,4,2.574242,-2.5562685,-1
SGB064,Vaginal,1804,12.668594,-0.8883561,4,0.5242786,-3.9786189,4
SGB065,Vaginal,1038,0.14615461,4.1456275,0,17.122246,-0.5893832,1
SGB066,Vaginal,1188,8.452873,2.6390076,4,13.998453,8.194736,2
SGB067,Vaginal,1714,8.471997,5.150437,3,-10.037828,15.44836,0
SGB068,Vaginal,1107,0.1987019,4.1115355,0,17.017181,-0.46693993,1
SGB069,Vaginal,1065,0.13429621,4.3470216,0,17.053505,-0.51919246,1
SGB070,Vaginal,1318,9.118025,1.5413259,4,0.13394563,4.430345,-1
SGB071,Vaginal,1880,8.47382,5.1078143,3,-10.030616,15.792873,0
SGB072,Vaginal,1594,12.726994,-0.68651825,4,0.412278,-3.8572202,4
SGB073,Vaginal,1068,5.47464,7.443041,2,1.4541285,-1.0175055,6
SGB074,Vaginal,1345,10.988903,5.1533246,4,-9.960761,14.038169,0
SGB075,Vaginal,2219,9.496398,4.919974,3,-9.714737,15.835829,0
SGB076,Vaginal,5002,5.348595,-0.096165165,1,3.6486669,12.314422,3
SGB077,Vaginal,1574,12.328963,-2.1550457,4,0.07606773,-4.3380127,4
SGB078,Vaginal,431,10.5161495,-3.1194718,-1,3.3898594,-3.3177865,-1
SGB079,Vaginal,1518,11.081453,6.2976546,4,-9.857685,13.943811,0
SGB080,Vaginal,1217,12.526326,-1.0102335,4,0.9794317,0.53348047,7
SGB081,Vaginal,1640,11.890349,1.9513899,4,1.5330533,1.6217344,7
SGB082,Vaginal,842,11.123113,2.7076628,4,0.8907822,0.13882552,7
SGB083,Vaginal,1061,0.3090858,4.4917026,0,17.059656,-0.77382094,1
SGB084,Vaginal,1105,0.5817224,4.343906,0,17.129559,-0.45376945,1
SGB085,Vaginal,1034,5.4557977,7.502559,2,1.3947668,-0.9957794,6
SGB086,Vaginal,1170,5.119242,7.3837705,2,1.3445544,-0.8091991,6
SGB087,Vaginal,1682,12.763677,3.264792,4,0.95022184,2.4649243,7
SGB088,Vaginal,1022,12.406628,0.05377488,4,0.8585229,-2.3726656,-1
SGB089,Vaginal,1879,12.752914,-0.8425131,4,0.5007945,-3.9887085,4
SGB090,Vaginal,1469,11.20243,0.7524544,4,0.085986525,4.1280246,-1
SGB091,Vaginal,1705,12.3073845,-2.1160018,4,0.02208341,-4.3548684,4
SGB092,Vaginal,1081,0.38918203,4.5010753,0,17.030626,-0.5787053,1
SGB093,Vaginal,1105,12.827074,-0.62401253,4,0.4275322,-3.7182133,4
SGB094,Vaginal,2287,11.891249,0.42612913,4,-1.0985423,-4.6874666,4
SGB095,Vaginal,1095,9.80752,1.889579,4,0.9982716,0.50266975,7
SGB096,Vaginal,1561,12.729886,3.2619565,4,0.9166538,2.5111089,7
SGB097,Vaginal,1450,9.688447,2.3232625,4,0.7713231,2.051419,7
SGB098,Vaginal,2103,2.41585,0.41102034,1,14.701075,10.096492,2
SGB099,Vaginal,1886,2.8945138,-0.6654184,1,16.675987,0.121192776,1
SGB100,Vaginal,2234,9.168567,4.8235354,3,-9.651121,16.02346,0
SGB101,Vaginal,1364,12.391927,3.670116,4,0.48851192,2.0609515,7
SGB102,Vaginal,935,9.820711,1.6514623,4,0.94239974,0.6400036,7
SGB103,Vaginal,886,12.038093,1.4600142,4,13.922775,8.085748,2
SGB104,Vaginal,2275,11.858511,0.3831772,4,-1.120893,-4.6863546,4
SGB105,Vaginal,1707,9.530494,5.1828647,3,-10.138628,15.528486,0
SGB106,Vaginal,936,9.599471,1.8909289,4,0.018381832,4.125702,-1
SGB107,Vaginal,1199,12.305093,0.23741513,4,0.87408096,-0.25224057,-1
SGB108,Vaginal,2217,13.133158,-1.2448841,4,-0.92714137,-4.170663,4
SGB109,Vaginal,1492,12.188502,4.2622795,4,0.46912763,2.3738415,7
SGB110,Vaginal,911,12.400055,0.04285695,4,0.9230119,-2.4038556,-1
SGB111,Vaginal,1862,14.297683,-1.5656564,4,-1.7881625,-3.3311281,5
SGB112,Vaginal,1639,12.34528,-2.0840397,4,0.16203028,-4.246959,4
SGB113,Vaginal,1312,8.737285,1.9136273,4,0.12592572,4.481809,-1
SGB114,Vaginal,1766,12.635563,3.8920417,4,2.1295614,1.4515866,7
SGB115,Vaginal,2288,9.012836,4.7847652,3,-9.708018,15.760244,0
SGB116,Vaginal,2075,2.5341477,0.24864295,1,14.542209,10.568478,2
SGB117,Vaginal,4968,5.0340924,-0.5905311,1,3.5970407,12.352711,3
SGB118,Vaginal,4432,5.2937965,-0.13613363,1,3.536652,12.280168,3
SGB119,Vaginal,898,0.6113588,4.328919,0,16.93588,-0.86239547,1
SGB120,Vaginal,1384,12.412403,2.7481604,4,1.1676813,1.9932791,7
SGB121,Vaginal,1742,9.065943,5.2746806,3,-10.422155,15.852112,0
SGB122,Vaginal,956,9.589266,1.8091371,4,0.07245143,4.1511745,-1
SGB123,Vaginal,2037,2.3681207,0.84356844,1,14.500926,10.541244,2
SGB124,Vaginal,1832,12.314479,-2.1674263,4,0.015847042,-4.3500957,4
SGB125,Vaginal,819,13.88339,2.1158626,-1,0.58830667,-1.106631,6
SGB126,Vaginal,850,13.440723,2.0718284,-1,0.2820917,-2.315405,-1
SGB127,Vaginal,1525,10.889848,4.211425,4,-10.383499,15.4273205,0
SGB128,Vaginal,1726,10.786451,2.3922865,4,1.3399605,1.6641049,7
SGB129,Vaginal,1390,12.761268,-0.8948852,4,0.64113885,-3.8484097,4
SGB130,Vaginal,1403,2.8324986,0.07477832,1,14.148353,8.260491,2
SGB131,Vaginal,1696,2.7425387,-0.56895506,1,16.722494,0.13911587,1
SGB132,Vaginal,1430,0.057816945,4.4678707,0,16.78903,0.0007060236,1
SGB133,Vaginal,2006,2.6804268,0.45949942,1,14.598629,10.494138,2
SGB134,Vaginal,955,13.774393,1.9383765,-1,0.5816747,-1.0971073,6
SGB135,Vaginal,885,12.509269,-0.50338227,4,0.58076113,-3.3247917,4
SGB136,Vaginal,1664,2.1429646,2.2857153,1,14.233375,8.143442,2
SGB137,Vaginal,1300,8.432492,5.1133943,3,-10.330854,15.648713,0
SGB138,Vaginal,2515,11.865795,0.35771617,4,-1.0634674,-4.7401505,4
SGB139,Vaginal,1527,13.76358,-1.8657228,4,-1.0083271,-3.2055464,5
SGB140,Vaginal,1523,12.807098,3.3038652,4,0.90961254,2.4819694,7
SGB141,Vaginal,433,10.491462,-3.1298392,-1,3.3446474,-3.2669084,-1
SGB142,Vaginal,1390,11.408252,3.5188751,4,1.2597344,1.696034,7
SGB143,Vaginal,2163,1.8529462,1.3943577,1,14.907934,10.763625,2
SGB144,Vaginal,1802,9.007059,5.2931128,3,-10.353706,15.8293705,0
SGB145,Vaginal,2269,2.4728594,0.76932317,1,14.636829,10.652906,2
SGB146,Vaginal,982,0.34103853,4.4525914,0,17.05503,-0.7701449,1
SGB147,Vaginal,2144,10.434999,-3.17325,-1,2.8773758,11.250482,3
SGB148,Vaginal,1991,2.8603086,-0.6201606,1,16.670963,0.13733724,1
SGB149,Vaginal,761,13.818939,2.0149288,-1,0.5586067,-1.1290576,-1
SGB150,Vaginal,1637,8.75821,4.950751,3,-10.319122,15.920023,0
SGB151,Vaginal,2079,2.3972065,0.3081727,1,14.564325,10.566386,2
SGB152,Vaginal,1898,2.4417417,0.47769597,1,14.555641,8.729404,2
SGB153,Vaginal,1676,10.64482,2.7687848,4,0.05069866,0.7715952,8
SGB154,Vaginal,3424,11.916331,-0.5252569,4,3.4882357,12.111262,3
SGB155,Vaginal,1831,7.6499205,2.5310261,4,-0.31927618,1.2802649,8
SGB156,Vaginal,1579,13.600851,-1.4756465,4,-1.2230525,-3.5347676,5
SGB157,Vaginal,1822,12.590038,-1.3138167,4,0.41518804,-4.058473,4
SGB158,Vaginal,1763,12.851065,-0.77182394,4,0.5424342,-4.0266905,4
SGB159,Vaginal,1159,9.055337,2.4949543,4,1.0033275,1.3048549,7
SGB160,Vaginal,1513,2.0185053,0.8173493,1,14.161045,8.683861,2
SGB161,Vaginal,1129,12.37557,0.113034606,4,0.8400476,-2.3645988,-1
SGB162,Vaginal,1598,10.992976,5.800664,4,-9.969838,14.334157,0
SGB163,Vaginal,1447,10.992306,6.106461,4,-10.060683,14.2396965,0
SGB164,Vaginal,1707,2.9339225,1.7117432,1,14.343921,7.8644176,2
SGB165,Vaginal,1730,2.7152193,0.05777449,1,14.302657,9.533702,2
SGB166,Vaginal,1542,11.173521,0.8050155,4,0.14162597,4.1252623,-1
SGB167,Vaginal,994,9.8081255,1.8380141,4,0.9276247,0.40982285,7
SGB168,Vaginal,1039,5.433991,7.45628,2,1.3625768,-1.0328526,6
SGB169,Vaginal,980,10.910902,4.2141647,4,-10.546657,15.458672,0
SGB170,Vaginal,966,10.495541,2.3862996,4,0.097143166,4.503297,-1
SGB171,Vaginal,433,10.504774,-3.1072218,-1,3.430397,-3.3335342,-1
SGB172,Vaginal,2738,12.436882,-1.7065299,4,-0.63960576,-4.274234,4
SGB173,Vaginal,1740,2.5284276,0.2295308,1,14.326416,9.447708,2
SGB174,Vaginal,2048,2.2440553,0.7718989,1,14.49942,10.433646,2
SGB175,Vaginal,1289,9.338902,5.223353,3,-10.299501,15.365501,0
SGB176,Vaginal,1869,2.069846,0.6649008,1,14.526906,10.238274,2
SGB177,Vaginal,1549,12.274604,2.4500735,4,2.783187,10.713209,3
SGB178,Vaginal,1555,12.41485,2.407022,4,1.8932433,1.4041524,7
SGB179,Vaginal,1430,9.816972,2.286409,4,0.7313004,2.03469,7
SGB180,Vaginal,1527,12.834443,3.3113422,4,0.8881619,2.371308,7
SGB181,Vaginal,1633,2.1578915,2.283215,1,14.192186,8.160779,2
SGB182,Vaginal,630,0.039342165,4.0147667,0,16.933187,-0.8163264,1
SGB183,Vaginal,425,10.500345,-3.1260881,-1,3.404255,-3.2874455,-1
SGB184,Vaginal,1346,3.1916897,1.5185086,1,2.7400944,10.991474,3
SGB185,Vaginal,2916,13.104897,-1.0527191,4,-0.81268644,-4.40694,4
SGB186,Vaginal,1346,11.912918,2.32657,4,2.746333,10.645473,3
SGB187,Vaginal,1617,11.174924,2.9054627,4,-0.17154923,0.996239,-1
SGB188,Vaginal,1417,5.8088307,7.001751,2,1.5113336,-0.5867573,6
SGB189,Vaginal,2309,11.901284,0.34530532,4,-1.0946983,-4.7341914,4
SGB190,Vaginal,1781,11.101051,0.87570184,4,0.22254543,4.0146604,-1
SGB191,Vaginal,903,12.519509,-0.5012321,4,0.58424515,-3.3802767,4
SGB192,Vaginal,845,13.436333,2.1211503,-1,1.1461841,1.3874923,7
SGB193,Vaginal,999,12.351654,3.6587198,4,0.5956108,2.0445836,7
SGB194,Vaginal,1033,0.27989328,4.440502,0,17.20512,-0.6098,1
SGB195,Vaginal,1089,0.590887,4.3423433,0,16.979074,-0.5276441,1
SGB196,Vaginal,1424,9.482575,2.5891135,4,0.7052237,2.0533025,7
SGB197,Vaginal,2385,9.18309,4.3240867,3,-9.669633,15.905871,0
SGB198,Vaginal,1304,12.067733,2.883371,4,2.7286158,10.618035,3
SGB199,Vaginal,1982,12.278276,-2.2081733,4,-0.023784293,-4.412328,4
SGB200,Vaginal,981,12.707037,-0.80958635,4,0.6514519,-3.8195517,4
SGB201,Vaginal,4464,5.2101254,-0.37875235,1,3.581263,12.336327,3
SGB202,Vaginal,2384,1.7859421,0.5416674,1,14.8347435,10.593646,2
SGB203,Vaginal,3306,8.309341,1.6443089,4,-9.07266,16.372551,0
SGB204,Vaginal,2126,13.884995,2.1058621,-1,0.35378432,3.1903198,-1
SGB205,Vaginal,1611,11.842558,2.2200372,4,0.41212407,3.1648188,-1
SGB206,Vaginal,1527,2.2541924,-0.06775431,1,1.8971121,-0.6210292,6
SGB207,Vaginal,1162,5.6548204,7.1895595,2,1.3864592,-0.8107926,6
SGB208,Vaginal,1646,12.322035,-2.0943315,4,0.15718122,-4.3481355,4
SGB209,Vaginal,2270,8.938106,4.725052,3,-9.589538,16.055979,0
SGB210,Vaginal,1671,8.081213,2.820075,4,-0.2585887,1.0654198,8
SGB211,Vaginal,1451,3.0849998,1.6641912,1,0.6264509,2.9465482,-1
SGB212,Vaginal,2239,1.8856082,0.51568484,1,14.76906,10.441951,2
SGB213,Vaginal,1658,3.1663396,0.4372441,1,-10.184683,15.342913,0
SGB214,Vaginal,926,14.103661,-1.7890968,4,-0.735108,-3.1932473,5
SGB215,Vaginal,844,9.129478,1.4275008,4,0.04636974,4.587159,-1
SGB216,Vaginal,912,9.892583,5.0881996,3,-10.579283,15.430194,0
SGB217,Vaginal,1093,12.692702,-1.379093,4,0.5001696,-3.996592,4
SGB218,Vaginal,808,8.525398,2.572807,4,14.105588,8.229871,2
SGB219,Vaginal,900,12.524142,-0.44313788,4,0.5574005,-3.4035492,4
SGB220,Vaginal,1009,12.754577,-0.7420044,4,0.4649466,-3.7711565,4
SGB221,Vaginal,1501,11.091744,6.342931,4,-10.067245,14.387267,0
SGB222,Vaginal,625,13.946053,2.159062,-1,0.58137167,-1.1025615,6
SGB223,Vaginal,1436,11.832989,2.8062904,4,1.2415066,1.9796128,7
SGB224,Vaginal,673,9.995901,1.0160408,4,0.026735285,4.1963987,-1
SGB225,Vaginal,1857,14.082043,-1.6986654,4,-1.5594423,-3.5154278,5
SGB226,Vaginal,2333,1.8611709,0.9798344,1,15.03461,10.722607,2
SGB227,Vaginal,1591,12.408242,3.67921,4,2.0688024,1.4494346,7
SGB228,Vaginal,3659,12.272146,-1.0572507,4,3.322211,11.952434,3
SGB229,Vaginal,1033,9.077407,2.525276,4,1.1437099,1.6740221,7
SGB230,Vaginal,1894,2.3210442,0.70783055,1,14.326371,10.45923,2
SGB231,Vaginal,1744,8.580318,1.8008465,4,-9.676788,15.068963,0
SGB232,Vaginal,1714,12.245388,4.2822866,4,0.35389084,-4.0382514,4
SGB233,Vaginal,421,10.485781,-3.125805,-1,3.4517689,-3.2829645,-1
SGB234,Vaginal,1506,10.965373,5.7647552,4,-10.053789,14.265436,0
SGB235,Vaginal,1389,11.756593,1.9194045,4,1.4130348,1.6378422,7
SGB236,Vaginal,1044,11.854495,1.9982116,4,1.2181852,1.7358882,7
SGB237,Vaginal,2901,13.94492,-1.3131063,4,-0.89102346,-4.1676245,4
SGB238,Vaginal,1602,2.0165484,1.7240777,1,14.215362,8.423765,2
SGB239,Vaginal,2011,12.049375,-0.7998808,4,2.9127836,11.080251,3
SGB240,Vaginal,1675,2.0233746,1.700575,1,14.196908,8.475304,2
SGB241,Vaginal,2501,1.9443481,0.96574473,1,14.902563,10.72793,2
SGB242,Vaginal,1109,2.9219508,-0.6924917,1,16.745474,-0.01059271,1
SGB243,Vaginal,1104,5.071978,7.328194,2,1.9696293,-0.8366823,6
SGB244,Vaginal,615,13.711794,1.9043963,-1,0.544743,-1.1591276,-1
SGB245,Vaginal,1788,14.023751,-1.3150047,4,-1.3487751,-3.5692656,5
SGB246,Vaginal,1030,5.533495,7.564007,2,1.3984513,-0.9539901,6
SGB247,Vaginal,968,9.942596,1.0275733,4,0.13049632,4.2000527,-1
SGB248,Vaginal,1498,11.694797,2.7797341,4,1.1574551,2.0575244,7
SGB249,Vaginal,1315,11.051474,6.285469,4,-9.889205,13.960013,0
SGB250,Vaginal,1728,11.076532,0.86906487,4,0.19333336,4.0114536,-1
SGB251,Vaginal,1820,12.574314,3.9320076,4,2.1150467,1.4448016,7
SGB252,Vaginal,1404,12.868528,3.3106122,4,0.9961592,2.412556,7
SGB253,Vaginal,1787,1.9537134,0.4607636,1,14.593544,10.142841,2
SGB254,Vaginal,1787,2.4416113,0.28812885,1,14.541132,10.625919,2
SGB255,Vaginal,1330,2.9048536,1.7417979,1,14.416151,7.816299,2
SGB256,Vaginal,1617,2.8156025,-0.56636107,1,16.744135,0.077347666,1
SGB257,Vaginal,958,12.541495,0.018348085,4,0.964447,-2.4452553,-1
SGB258,Vaginal,831,11.857163,1.3361309,4,-10.537591,15.326717,0
SGB259,Vaginal,1656,8.72874,5.032241,3,-10.361906,15.954506,0
SGB260,Vaginal,1476,12.605728,4.037032,4,0.895124,2.1514158,7
SGB261,Vaginal,1405,8.717795,4.4800653,3,1.5783057,-0.5510923,6
SGB262,Vaginal,951,12.809639,-1.7236301,4,-0.5385051,-2.9123876,-1
SGB263,Vaginal,3452,5.1104727,-0.5564773,1,3.6001315,12.405454,3
SGB264,Vaginal,3099,12.399698,-1.9818517,4,-0.5350856,-4.348142,4
SGB265,Vaginal,2083,13.566932,-1.316781,4,-1.4324319,-3.7193222,5
SGB266,Vaginal,1529,11.142836,6.3721824,4,-9.839974,13.907476,0
SGB267,Vaginal,1326,9.393372,3.9924662,3,-9.980389,13.986161,0
SGB268,Vaginal,917,11.2063675,0.7685083,4,0.12660241,4.2350626,-1
SGB269,Vaginal,1310,10.805318,5.4934864,4,-9.957517,14.029105,0
SGB270,Vaginal,1183,12.337199,1.145507,4,1.2400968,0.71857035,7
SGB271,Vaginal,1139,12.375897,4.129001,4,1.0685828,1.1982416,7
SGB272,Vaginal,1800,9.102919,4.811735,3,-10.02928,15.585402,0
SGB273,Vaginal,1992,12.407417,-2.1846304,4,-0.08531962,-4.3626733,4
SGB274,Vaginal,1972,2.1236064,1.49072,1,14.397413,8.411293,2
SGB275,Vaginal,2207,12.689411,-1.1703844,4,0.38443834,-4.1012053,4
SGB276,Vaginal,1695,2.758698,1.6182704,1,14.412864,7.8567367,2
SGB277,Vaginal,2498,9.362657,4.5527964,3,-9.571278,16.13556,0
SGB278,Vaginal,600,11.785221,1.9214872,4,3.029687,-3.0085616,-1
SGB279,Vaginal,1589,9.196988,4.356259,3,-10.121674,15.580755,0
SGB280,Vaginal,1602,1.4760672,0.18813871,1,1.60222,-0.49008703,6
SGB281,Vaginal,1331,10.397877,3.336194,4,0.16715285,1.4631208,-1
SGB282,Vaginal,3820,8.429039,1.6684017,4,-9.111586,16.402487,0
SGB283,Vaginal,5707,5.119813,-0.6134768,1,3.4448807,12.394956,3
SGB284,Vaginal,856,9.088019,1.4406734,4,0.0756584,4.538722,-1
SGB285,Vaginal,849,5.569731,7.281877,2,1.5319467,-0.9050613,6
SGB286,Vaginal,951,5.5205636,7.3095775,2,1.4072565,-0.8601851,6
SGB287,Vaginal,721,0.25961342,4.5878453,0,16.961317,-0.9058822,1
SGB288,Vaginal,704,5.5590672,7.561274,2,1.4227358,-1.1839309,6
SGB289,Vaginal,625,-0.06871757,4.292813,0,17.056675,-0.8874508,1
SGB290,Vaginal,681,0.08858144,4.057458,0,16.98541,-0.76874775,1
SGB291,Vaginal,2187,9.464883,4.8214445,3,-9.645331,15.939334,0
SGB292,Vaginal,1204,10.927456,4.185187,4,-10.4564495,15.414732,0
SGB293,Vaginal,581,0.33735505,4.516328,0,16.97935,-0.9595357,1
SGB294,Vaginal,635,5.576207,7.496267,2,1.5832832,-1.3258008,6
SGB295,Vaginal,726,10.701951,3.5209281,4,-10.381448,14.796547,0
SGB296,Vaginal,1299,10.706682,3.5695965,4,0.5963392,1.7864275,7
SGB297,Vaginal,1612,2.5978856,0.11386469,1,14.217666,9.338419,2
SGB298,Vaginal,1304,11.260893,3.6386647,4,1.2284366,1.6492851,7
SGB299,Vaginal,1083,12.826959,3.3642511,4,1.029316,2.589267,7
SGB300,Vaginal,1819,12.409648,0.2884609,4,-0.13803954,-4.301311,4
SGB301,Vaginal,1308,12.862144,3.3372595,4,0.9957446,2.5550447,7
SGB302,Vaginal,3880,5.1746826,-0.5807281,1,3.5606143,12.328047,3
SGB303,Vaginal,3314,5.4281254,-0.070618816,1,3.4275846,12.045999,3
SGB304,Vaginal,2582,12.650639,-1.2785387,4,0.48532322,-4.0879364,4
SGB305,Vaginal,2082,2.0179448,0.74015164,1,14.557535,10.145677,2
SGB306,Vaginal,970,-0.030589756,4.2913446,0,17.116325,-0.8891384,1
SGB307,Vaginal,1925,12.385189,2.636783,4,2.047439,1.4172286,7
SGB308,Vaginal,1798,11.213182,0.83767694,4,0.76620364,-0.3568905,-1
SGB309,Vaginal,1408,13.83439,-1.4476372,4,0.4040368,2.3373065,7
SGB310,Vaginal,1866,2.1156693,-0.038366526,1,14.407375,9.121992,2
SGB311,Vaginal,1948,2.0808287,0.68737966,1,14.550874,10.15808,2
SGB312,Vaginal,1227,12.703087,3.828475,4,0.97164583,1.8591286,7
SGB313,Vaginal,1036,9.639531,5.10557,3,-10.430612,15.713533,0
SGB314,Vaginal,2166,1.5260283,0.13321353,1,14.587459,8.623117,2
SGB315,Vaginal,1215,13.798875,1.9931504,-1,0.508167,-1.1700431,-1
SGB316,Vaginal,1586,11.685317,3.2656927,4,0.80586797,2.4735959,7
SGB317,Vaginal,1564,2.8803973,1.6886075,1,14.368223,7.82549,2
SGB318,Vaginal,1415,1.875562,0.92603827,1,14.10203,8.736575,2
SGB319,Vaginal,2042,9.430607,2.0995858,4,0.12927315,3.9960918,-1
SGB320,Vaginal,2862,12.475427,-1.6932402,4,-0.66090155,-4.2218328,4
SGB321,Vaginal,1604,10.342322,3.5074458,4,-10.047065,14.995902,0
SGB322,Vaginal,1846,11.967442,0.39300728,4,-1.0947063,-4.755564,4
SGB323,Vaginal,1526,1.7107166,1.4438336,1,-9.995757,14.173467,0
SGB324,Vaginal,1447,1.5132002,0.2626766,1,1.5589925,-0.51350427,6
SGB325,Vaginal,2195,2.0655832,0.20000671,1,14.696712,10.551567,2
SGB326,Vaginal,1905,1.8874481,0.45698792,1,14.42756,9.228311,2
SGB327,Vaginal,1373,11.011518,5.960287,4,-10.092142,14.343588,0
SGB328,Vaginal,1490,2.1435528,2.306634,1,14.159014,8.127073,2
SGB329,Vaginal,2219,5.192281,-0.40341386,1,3.66838,12.3502035,3
SGB330,Vaginal,1351,12.869267,-0.8199994,4,0.64789563,-3.8556318,4
SGB331,Vaginal,1631,2.9579005,-0.68467915,1,16.719975,0.078106135,1
SGB332,Vaginal,1711,12.160161,3.3113062,4,2.0567892,1.5123718,7
SGB333,Vaginal,2441,8.377149,1.662871,4,-9.170215,16.319618,0
SGB334,Vaginal,1224,1.9270931,2.389383,1,14.061043,8.34489,2
SGB335,Vaginal,715,5.098593,7.320124,2,2.0161843,-0.84309804,6
SGB336,Vaginal,1404,11.143505,0.8470226,4,0.25410947,4.091874,-1
SGB337,Vaginal,729,12.511918,2.944973,4,1.2187645,2.2020526,7
SGB338,Vaginal,1184,13.299272,-1.1209221,4,-1.4757416,-3.58746,5
SGB339,Vaginal,710,5.0360594,7.350407,2,1.3612685,-1.113064,6
SGB340,Vaginal,1698,6.059653,6.7477803,2,2.7520247,11.007564,3
SGB341,Vaginal,672,5.015562,7.2961245,2,1.3666936,-1.1336482,6
SGB342,Vaginal,996,13.848657,2.0298676,-1,0.588086,-1.109336,6
SGB343,Vaginal,1943,12.344008,-2.1473255,4,-0.038018633,-4.3657174,4
SGB344,Vaginal,512,5.5117207,7.439861,2,1.5695518,-1.2765057,6
SGB345,Vaginal,823,11.071256,2.7541978,4,0.9441509,0.08943097,7
SGB346,Vaginal,1142,13.4864235,2.1055245,-1,0.29980245,-2.2243288,-1
SGB347,Vaginal,719,-0.079604514,4.2500176,0,17.14017,-0.9498545,1
SGB348,Vaginal,731,10.740247,3.4861343,4,-10.318962,14.791817,0
SGB349,Vaginal,1483,12.690285,-1.2420624,4,0.5305273,-3.9496138,4
SGB350,Vaginal,1810,14.245695,-1.5796393,4,-1.7930324,-3.3272479,5
SGB351,Vaginal,1121,10.1114,2.2925777,4,-0.4625866,1.1662179,8
SGB352,Vaginal,2322,7.65651,2.465376,4,-0.9735261,0.7564632,8
SGB353,Vaginal,1914,8.728354,4.730799,3,-9.747526,16.049454,0
SGB354,Vaginal,1963,2.883593,0.63624614,1,14.502211,8.43165,2
SGB355,Vaginal,1497,12.693163,3.8990242,4,2.2096946,1.4056375,7
SGB356,Vaginal,4096,5.0825024,-0.4855643,1,3.6085868,12.360317,3
SGB357,Vaginal,4630,8.356296,1.5793232,4,-9.057332,16.439621,0
SGB358,Vaginal,1653,12.745516,3.9384274,4,2.1387513,1.4439027,7
SGB359,Vaginal,1771,9.80992,4.942555,3,-10.1879635,15.62497,0
SGB360,Vaginal,1249,8.483237,2.1159904,4,0.14275256,4.383767,-1
SGB361,Vaginal,1513,11.11393,6.33044,4,-9.857662,13.917542,0
SGB362,Vaginal,1781,12.015918,-0.72184384,4,2.886832,11.080986,3
SGB363,Vaginal,1492,12.498527,3.758098,4,0.45422292,2.0699103,7
SGB364,Vaginal,691,12.075819,4.2666745,4,0.45773494,2.3350182,7
SGB365,Vaginal,418,12.389271,1.6096648,4,3.2846637,-3.2030153,-1
SGB366,Vaginal,1449,9.274027,2.834715,4,0.95834506,1.1357107,7
SGB367,Vaginal,1554,8.754865,4.957328,3,-10.421916,15.964932,0
SGB368,Vaginal,1352,12.350572,2.324337,4,1.2040676,1.4843928,7
SGB369,Vaginal,1256,12.676447,3.8847053,4,2.196889,1.4139557,7
SGB370,Vaginal,821,11.726809,2.838851,4,1.1904466,2.1745281,7
SGB371,Vaginal,2108,1.8440408,-0.012390222,1,14.654504,9.005423,2
SGB372,Vaginal,1008,8.960388,1.7172494,4,0.11126398,4.447759,-1
SGB373,Vaginal,1157,11.789107,1.8351716,4,1.5081791,1.670212,7
SGB374,Vaginal,1357,12.776075,3.882656,4,1.1865557,1.6858356,7
SGB375,Vaginal,1661,2.70691,0.9126055,1,14.413537,8.359305,2
SGB376,Vaginal,1704,3.0207293,1.6466962,1,14.389799,7.795119,2
SGB377,Vaginal,1706,2.9572287,1.6725011,1,14.467319,7.75438,2
SGB378,Vaginal,1321,11.012059,6.11523,4,-10.04317,14.201234,0
SGB379,Vaginal,1743,2.61664,0.3583906,1,14.3833475,10.406305,2
SGB380,Vaginal,2110,1.8315675,1.4172447,1,14.959403,10.705997,2
SGB381,Vaginal,612,5.547625,7.571724,2,1.5464073,-1.3043116,6
SGB382,Vaginal,1242,8.65189,5.461426,3,-10.201979,15.2279625,0
SGB383,Vaginal,707,0.07606426,4.0425644,0,17.12818,-0.67050564,1
SGB384,Vaginal,1959,8.753888,4.731129,3,-9.939233,16.028597,0
SGB385,Vaginal,1045,10.285806,2.3216903,4,0.8283405,1.6204875,7
SGB386,Vaginal,2103,2.1635356,0.24876897,1,14.480588,10.61378,2
SGB387,Vaginal,1686,13.185641,-1.6557703,4,-1.0116398,-3.224005,5
SGB388,Vaginal,1501,8.7956505,4.896226,3,-10.379302,15.824085,0
SGB389,Vaginal,1445,12.266993,-2.1184173,4,0.13425754,-4.295652,4
SGB390,Vaginal,1250,8.209351,2.7236207,4,0.07259181,1.1597215,-1
SGB391,Vaginal,805,0.3901289,4.43695,0,17.106707,-0.8382857,1
SGB392,Vaginal,1901,1.8560917,1.0514698,1,15.035084,10.679341,2
SGB393,Vaginal,1676,13.562275,-1.5968758,4,-1.2844728,-3.6254706,5
SGB394,Vaginal,2396,2.0459766,0.58588743,1,14.857258,10.544775,2
SGB395,Vaginal,2416,11.822993,0.34203002,4,-1.0120438,-4.769349,4
SGB396,Vaginal,2502,13.987782,-1.4218065,4,-0.82543063,-4.269858,4
SGB397,Vaginal,5759,2.213974,0.6350503,1,3.3697753,12.10296,3
SGB398,Vaginal,1370,9.016569,2.4144108,4,0.94596034,1.2734426,7
SGB399,Vaginal,4372,5.224778,-0.33402723,1,3.5771887,12.319522,3
SGB400,Vaginal,4892,5.0398726,-0.59350145,1,3.5784454,12.380717,3
SGB401,Vaginal,4954,7.977248,2.027673,4,-8.921077,16.20001,0
SGB402,Vaginal,1077,3.2183294,-0.27260262,1,16.99364,-0.2676556,1
SGB403,Vaginal,1090,10.208715,3.792196,4,0.4627744,1.707988,7
SGB404,Vaginal,1642,9.551494,4.799592,3,-10.150835,15.617882,0
SGB405,Vaginal,1648,9.417036,4.2395597,3,-10.2001295,15.882859,0
SGB406,Vaginal,856,14.397382,-1.5917964,4,3.4271104,-3.314468,-1
SGB407,Vaginal,1479,10.92631,3.3307252,4,0.5069129,1.9164852,7
SGB408,Vaginal,1441,10.966267,5.724168,4,-9.988982,14.075387,0
SGB409,Vaginal,2770,8.310909,1.6838537,4,-9.221521,16.255762,0
SGB410,Vaginal,1619,11.131714,6.348239,4,-9.887199,14.009187,0
SGB411,Vaginal,1480,9.415215,2.6461697,4,0.82423925,2.0996792,7
SGB412,Vaginal,1393,12.122832,0.7296744,4,-0.9909253,-3.201518,5
SGB413,Vaginal,1564,12.710033,3.908978,4,2.1643085,1.5104849,7
SGB414,Vaginal,2128,9.502732,2.1570098,4,0.16979466,3.9573,-1
SGB415,Vaginal,1577,2.1672494,2.291166,1,14.18854,8.145431,2
SGB416,Vaginal,1573,2.5480807,-0.49630013,1,1.8544593,-0.5645166,6
SGB417,Vaginal,2312,10.738503,3.0781114,4,-0.9976802,0.70229715,8
SGB418,Vaginal,2748,8.284369,1.6074893,4,-9.161281,16.31594,0
SGB419,Vaginal,2152,1.999757,0.1575313,1,14.603167,8.991841,2
SGB420,Vaginal,1376,9.56996,1.999057,4,0.1025695,4.1299243,-1
SGB421,Vaginal,1769,9.737112,5.07195,3,-9.969386,15.940865,0
SGB422,Vaginal,1176,5.806016,7.0607114,2,1.3615125,-0.7688106,6
SGB423,Vaginal,1715,2.0127463,1.7327247,1,14.23684,8.486025,2
SGB424,Vaginal,1130,12.453968,0.058463108,4,0.81347483,-2.3053617,-1
SGB425,Vaginal,1773,10.340522,-3.0995204,-1,14.588836,8.552722,2
SGB426,Vaginal,1515,8.983326,2.7485106,4,0.5746163,3.0162952,-1
SGB427,Vaginal,1567,2.6680813,0.2075787,1,14.189176,9.339057,2
SGB428,Vaginal,1653,2.113298,2.2771645,1,14.303069,8.185982,2
SGB429,Vaginal,1797,2.2022464,1.1782025,1,14.507202,8.553475,2
SGB430,Vaginal,1671,12.6825695,3.8698633,4,2.1262672,1.4881179,7
SGB431,Vaginal,743,9.31067,1.8821551,4,0.025651537,4.6308837,-1
SGB432,Vaginal,1278,8.687311,5.0400443,3,-10.556265,15.845631,0
SGB433,Vaginal,1474,11.755403,2.7583544,4,1.1302891,1.9504247,7
SGB434,Vaginal,1013,12.131867,4.285855,4,0.4819902,2.4248645,7
SGB435,Vaginal,1790,1.8405637,-0.14015105,1,14.434553,8.382001,2
SGB436,Vaginal,2328,2.1321123,-0.05515657,1,14.703149,9.104384,2
SGB437,Vaginal,1701,2.7366488,0.032988664,1,14.33401,9.544929,2
SGB438,Vaginal,1325,12.44591,4.1422615,4,0.79172033,0.8399132,7
SGB439,Vaginal,1612,9.536444,2.1691825,4,0.08497001,3.9528298,-1
SGB440,Vaginal,965,9.074167,1.6826473,4,0.8922976,-0.30737114,-1
SGB441,Vaginal,1340,14.48059,-1.7236412,4,-1.8072373,-3.3398,5
SGB442,Vaginal,1748,13.482058,-1.2952359,4,-1.3763131,-3.5661852,5
SGB443,Vaginal,945,4.9714994,7.2447205,2,1.9776525,-0.8486175,6
SGB444,Vaginal,1511,2.8564944,-0.65894,1,16.73546,0.059197754,1
SGB445,Vaginal,4350,7.746334,2.3651054,4,-1.1614597,0.6856522,8
SGB446,Vaginal,859,10.674523,2.36553,4,1.187748,1.7698607,7
SGB447,Vaginal,1070,2.8175595,-0.5827918,1,16.810951,-0.10034965,1
SGB448,Vaginal,834,12.562548,2.9444232,4,1.2366436,2.166539,7
SGB449,Vaginal,998,11.185555,3.8700945,4,0.9027269,0.6846353,7
SGB450,Vaginal,1250,10.132063,3.0221217,4,0.876619,0.86628467,7
SGB451,Vaginal,1802,14.241257,-1.5794355,4,-1.8673508,-3.244892,5
SGB452,Vaginal,1114,9.03271,5.5043187,3,-10.830841,15.768426,0
SGB453,Vaginal,3434,5.104087,-0.65926856,1,3.5341315,12.191375,3
SGB454,Vaginal,1785,14.244643,-1.557176,4,-1.7371631,-3.3629403,5
SGB455,Vaginal,842,12.677793,-0.75350183,4,0.47448388,-3.5789807,4
SGB456,Vaginal,1592,14.424064,-1.67939,4,-1.7613752,-3.4653459,5
SGB457,Vaginal,1209,2.816044,-0.573853,1,16.686787,0.05018195,1
SGB458,Vaginal,730,-0.032948736,4.317139,0,17.00302,-0.9437491,1
SGB459,Vaginal,1923,14.387542,-1.6498913,4,-1.7364707,-3.288992,5
SGB460,Vaginal,3576,5.105217,-0.62604284,1,3.513945,12.405016,3
SGB461,Vaginal,1564,14.529458,-1.7705792,4,-1.6677619,-3.4306831,5
SGB462,Vaginal,1625,3.0184908,-0.5851491,1,16.705387,0.08780502,1
SGB463,Vaginal,591,10.905168,4.179057,4,-10.668008,15.513471,0
SGB464,Vaginal,4093,5.0959773,-0.46669573,1,3.6192098,12.3822,3
SGB465,Vaginal,3872,5.051369,-0.65188515,1,3.5733767,12.462231,3
SGB466,Vaginal,1162,12.607513,-1.1055382,4,0.5314114,-3.9864426,4
SGB467,Vaginal,2560,5.100964,-0.4443896,1,3.74427,12.51718,3
SGB468,Vaginal,2305,1.8665507,1.2460555,1,14.910435,10.665262,2
SGB469,Vaginal,4140,8.004074,2.0157132,4,-8.955617,16.240965,0
SGB470,Vaginal,2150,2.3668664,0.1906937,1,14.653599,10.477895,2
SGB471,Vaginal,2397,1.812505,1.386101,1,14.971156,10.679691,2
SGB472,Vaginal,1431,2.7166493,1.2032297,1,14.237475,8.1999235,2
SGB473,Vaginal,4514,8.073702,1.9156026,4,-8.964718,16.243467,0
SGB474,Vaginal,2217,2.1197765,0.06551478,1,14.771011,10.512968,2
SGB475,Vaginal,1728,11.814909,1.8305686,4,1.597832,1.5851403,7
SGB476,Vaginal,5898,2.3096285,-0.2130893,1,14.623155,10.062503,2
SGB477,Vaginal,4152,2.1419942,0.00072917464,1,3.3070116,11.987864,3
SGB478,Vaginal,2492,1.8593979,1.0324992,1,14.966016,10.6412525,2
SGB479,Vaginal,1788,12.895873,-1.603915,4,-1.1007414,-3.4739983,5
SGB480,Vaginal,2066,13.819981,2.1176825,-1,0.30182573,3.2703004,-1
SGB481,Vaginal,1621,13.069597,-1.6927896,4,-0.9879069,-3.3026109,5
SGB482,Vaginal,2142,9.4041195,4.2504225,3,-9.742673,16.056501,0
SGB483,Vaginal,2203,10.144671,2.2089887,4,0.008038551,0.52092093,-1
SGB484,Vaginal,1867,13.15793,-1.743752,4,-1.0579684,-3.4050527,5
SGB485,Vaginal,3422,11.870354,1.2504394,4,-8.930192,16.111927,0
SGB486,Vaginal,5564,5.091122,-0.6106185,1,3.553821,12.340179,3
SGB487,Vaginal,5494,5.0851817,-0.6570139,1,3.5204122,12.327427,3
SGB488,Vaginal,2128,12.051385,-0.6900534,4,2.9570694,11.206193,3
SGB489,Vaginal,2917,12.471038,-1.905696,4,-0.5813171,-4.337637,4
SGB490,Vaginal,2111,13.297057,-1.0032086,4,-1.343171,-3.694026,5
SGB491,Vaginal,1942,9.687748,1.736244,4,0.22375862,3.9336803,-1
SGB492,Vaginal,2775,12.436808,-1.3243921,4,3.189676,11.778842,3
SGB493,Vaginal,1598,1.9885882,1.7331574,1,14.130527,8.518877,2
SGB494,Vaginal,1634,12.200466,2.433194,4,2.7787404,10.716339,3
SGB495,Vaginal,4219,12.394109,-1.2218617,4,3.2781866,11.945474,3
SGB496,Vaginal,1246,5.823985,6.869441,2,1.4306136,-0.5314178,6
SGB497,Vaginal,3157,13.92299,2.1224797,-1,-1.2278941,0.9928413,8
SGB498,Vaginal,1795,13.969956,-1.3368645,4,-1.3630875,-3.5840385,5
SGB499,Vaginal,2987,12.440191,-1.2631848,4,3.2490957,11.882587,3
SGB500,Vaginal,3044,9.229864,1.8644438,4,-0.9561785,-4.6227226,4
SGB501,Vaginal,4515,5.318141,-0.17887287,1,3.4621234,12.226223,3
SGB502,Vaginal,3022,13.949485,2.0350215,-1,-1.2107685,0.89054835,8
SGB503,Vaginal,1868,13.982544,-1.5429,4,-1.4920036,-3.5577288,5
SGB504,Vaginal,2009,2.3500042,0.37509245,1,14.714134,10.150213,2
SGB505,Vaginal,2686,10.634517,3.169001,4,-0.7248543,0.7203116,8
SGB506,Vaginal,1655,12.166958,0.8665897,4,-1.3232242,-3.212341,5
SGB507,Vaginal,1997,12.11941,2.4396772,4,-1.1972269,-2.5995142,-1
SGB508,Vaginal,1784,1.4605271,0.21527918,1,1.6692591,-0.43427783,6
SGB509,Vaginal,1752,11.132302,0.85418296,4,0.28607345,3.9231157,-1
SGB510,Vaginal,1949,2.2286184,0.11146498,1,14.4656315,9.05681,2
SGB511,Vaginal,942,5.433959,6.604615,2,0.3911959,0.26839864,-1
SGB512,Vaginal,2274,3.0067298,-0.7454406,1,3.1160436,11.675769,3
SGB513,Vaginal,1883,13.701859,-1.5943861,4,-1.3289647,-3.6710489,5
SGB514,Vaginal,2079,11.58843,0.5531941,4,-1.1119068,-4.7121754,4
SGB515,Vaginal,2001,2.283442,0.36859283,1,14.539498,8.461591,2
SGB516,Vaginal,2152,9.474265,4.8568215,3,-9.730567,15.7891245,0
SGB517,Vaginal,4500,5.3448205,-0.18264379,1,3.5426881,12.306225,3
SGB518,Vaginal,4946,3.003474,-0.705591,1,3.363158,12.006095,3
SGB519,Vaginal,1860,14.28284,-1.5491285,4,-1.8440201,-3.2873015,5
SGB520,Vaginal,4856,13.212227,-1.1143655,4,-8.894329,16.229906,0
SGB521,Vaginal,5235,2.2562642,0.7305522,1,3.345797,12.052282,3
SGB522,Vaginal,2264,1.7891537,1.4814805,1,14.941014,10.66568,2
SGB523,Vaginal,2191,11.687289,1.9032003,4,-9.30157,15.752358,0
SGB524,Vaginal,1752,1.6182288,0.018484745,1,1.7246273,-0.38188624,6
SGB525,Vaginal,2850,8.449519,1.6176473,4,-9.094488,16.370495,0
SGB526,Vaginal,1882,12.26889,2.7570696,4,1.9773954,1.4559379,7
SGB527,Vaginal,1149,12.238831,3.269845,4,1.2606025,0.6331818,7
SGB528,Vaginal,3890,8.529912,1.6833375,4,-9.14919,16.399881,0
SGB529,Vaginal,2218,1.7130156,-0.17487583,1,14.521761,9.511974,2
SGB530,Vaginal,1293,12.352047,4.202916,4,1.1395402,1.1365805,7
SGB531,Vaginal,1967,1.811516,0.20515095,1,-9.435125,15.639901,0
SGB532,Vaginal,2369,1.9786417,-0.117831714,1,14.562046,9.111255,2
SGB533,Vaginal,2734,12.328496,-2.0987566,4,-0.54086125,-4.3781466,4
SGB534,Vaginal,4185,5.1254992,-0.43326488,1,3.5687344,12.257786,3
SGB535,Vaginal,2043,13.756048,-1.5879585,4,-1.3681884,-3.7201343,5
SGB536,Vaginal,2317,1.9456213,0.11698934,1,14.659099,9.102844,2
SGB537,Vaginal,1665,2.977374,0.82494754,1,14.364891,8.438144,2
SGB538,Vaginal,1559,12.967924,-1.6492735,4,-0.9864819,-3.2917693,5
SGB539,Vaginal,3960,2.5279567,-0.08483481,1,14.57552,10.090141,2
SGB540,Vaginal,2469,11.837504,0.20474179,4,-1.0664904,-4.723934,4
SGB541,Vaginal,1714,12.083871,3.1321719,4,1.50811,1.6266655,7
SGB542,Vaginal,1658,12.391689,2.4644713,4,1.9625357,1.4265667,7
SGB543,Vaginal,1380,8.988751,3.8979402,3,-10.086664,13.998588,0
SGB544,Vaginal,1621,8.3754225,2.8009417,4,-0.80759495,1.0846238,8
SGB545,Vaginal,1586,12.489213,3.7931113,4,0.44265795,2.1024683,7
SGB546,Vaginal,710,5.5292664,7.5888863,2,1.3861579,-1.0452089,6
SGB547,Vaginal,1155,8.768923,2.9523246,4,-0.41912955,1.4852188,8
SGB548,Vaginal,1526,8.39677,2.7955287,4,-0.6625486,1.1774077,8
SGB549,Vaginal,2393,8.33225,1.645779,4,-9.217242,16.25656,0
SGB550,Vaginal,1906,8.529016,2.374137,4,-9.435655,15.533117,0
SGB551,Vaginal,874,13.660967,1.8709432,-1,2.7521958,-2.8999836,-1
SGB552,Vaginal,1367,8.403434,2.7479365,4,-0.54347706,1.4111549,8
SGB553,Vaginal,730,10.6684265,2.8098085,4,0.55068225,0.59861696,7
SGB554,Vaginal,1636,10.461547,3.2172842,4,-0.9259568,0.6682523,8
SGB555,Vaginal,1282,12.156905,0.8435284,4,-1.3470628,-3.1877956,5
SGB556,Vaginal,1729,7.778786,2.553397,4,-1.0074311,0.71271205,8
SGB557,Vaginal,1517,1.8130832,1.4066095,1,14.906041,10.773002,2
SGB558,Vaginal,899,12.486906,2.8717394,4,1.0724102,2.4100583,7
SGB559,Vaginal,683,5.5225487,7.5977955,2,1.4909167,-1.2988586,6
SGB560,Vaginal,1247,12.700992,3.8640196,4,2.150963,1.4313416,7
SGB561,Vaginal,1135,9.288893,5.312033,3,-10.404808,15.443954,0
SGB562,Vaginal,1129,2.9178135,1.6369498,1,14.451563,7.7017083,2
SGB563,Vaginal,1649,11.459669,2.2185934,4,2.7005117,10.615227,3
SGB564,Vaginal,1981,9.483814,4.894528,3,-9.881659,15.827234,0
SGB565,Vaginal,629,13.844303,1.9814198,-1,2.9924877,-3.0104434,-1
SGB566,Vaginal,1149,8.245525,2.2124734,4,17.07069,-0.20629059,1
SGB567,Vaginal,677,10.7643,3.5020595,4,-10.300569,14.841425,0
SGB568,Vaginal,722,4.929679,7.2181654,2,1.9739946,-0.8580775,6
SGB569,Vaginal,617,0.020238137,4.4233246,0,16.808279,-0.8000919,1
SGB570,Vaginal,1646,10.352373,3.357098,4,-0.86334217,0.86353326,8
SGB571,Vaginal,1927,13.879312,2.0334835,-1,-1.0650703,1.1966039,8
SGB572,Vaginal,1640,1.6682128,1.2009217,1,1.6397266,-0.45773652,6
SGB573,Vaginal,1955,8.082542,2.279786,4,-0.8015058,0.92705643,8
SGB574,Vaginal,808,5.602188,7.6008515,2,1.407578,-1.0599823,6
SGB575,Vaginal,1969,14.383583,-1.656962,4,-1.783707,-3.2265382,5
SGB576,Vaginal,762,12.571387,-1.0145645,4,0.93485504,0.48892528,7
SGB577,Vaginal,1143,12.509372,3.782575,4,2.1027975,1.5043823,7
SGB578,Vaginal,1229,9.066985,5.4676065,3,-10.846084,15.802369,0
SGB579,Vaginal,563,13.90703,2.1394393,-1,3.0640247,-3.0771186,-1
SGB580,Vaginal,1205,10.5793085,2.712604,4,0.55337334,0.6694018,7
SGB581,Vaginal,745,5.6422315,7.6666284,2,1.4923359,-1.1764578,6
SGB582,Vaginal,765,0.116264716,4.0105686,0,16.939552,-0.85481334,1
SGB583,Vaginal,304,10.519377,-3.0975516,-1,3.4064062,-3.3191214,-1
SGB584,Vaginal,906,11.261181,2.8106782,4,0.14022614,0.9456258,7
SGB585,Vaginal,392,10.755032,-2.9400988,-1,3.4241831,-3.352651,-1
SGB586,Vaginal,1017,5.491272,7.471021,2,1.2770047,-0.87274516,6
SGB587,Vaginal,1312,11.049248,6.2929587,4,-9.850972,13.926586,0
SGB588,Vaginal,513,13.831576,2.0728235,-1,3.0259047,-3.038967,-1
SGB589,Vaginal,1674,10.339566,3.4854982,4,-10.117401,14.97648,0
SGB590,Vaginal,987,13.32937,-1.0918019,4,-1.5007676,-3.646953,5
SGB591,Vaginal,995,12.818297,3.3583846,4,1.0405141,2.6181664,7
SGB592,Vaginal,1292,11.145481,3.2007446,4,0.5469536,1.949812,7
SGB593,Vaginal,848,12.88919,3.398354,4,1.027353,2.5842187,7
SGB594,Vaginal,276,10.520589,-3.0793476,-1,3.403652,-3.357513,-1
SGB595,Vaginal,862,0.47662136,4.3030324,0,17.144321,-0.6982882,1
SGB596,Vaginal,749,5.567005,7.576028,2,1.4494371,-1.0401174,6
SGB597,Vaginal,543,5.553302,7.552839,2,1.5780501,-1.323905,6
SGB598,Vaginal,842,9.086162,1.4693717,4,0.06827214,4.5528874,-1
SGB599,Vaginal,1157,9.0197735,5.500825,3,-10.903186,15.738433,0
SGB600,Vaginal,1271,11.050533,6.253834,4,-9.953847,14.016707,0
SGB601,Vaginal,847,0.5812385,4.319277,0,17.07241,-0.7483744,1
SGB602,Vaginal,1135,9.045597,5.5457034,3,-10.847989,15.698009,0
SGB603,Vaginal,1407,10.975452,5.7352843,4,-10.050815,14.232773,0
SGB604,Vaginal,744,9.087127,1.4653264,4,0.055892996,4.6161737,-1
SGB605,Vaginal,724,4.9946246,7.2901483,2,1.2925501,-1.130733,6
SGB606,Vaginal,1998,8.927017,4.8195567,3,-9.858175,16.044277,0
SGB607,Vaginal,1370,9.822134,2.379417,4,0.1920711,0.41882443,-1
SGB608,Vaginal,815,11.074543,6.3170323,4,-9.78728,13.865279,0
SGB609,Vaginal,1466,14.485084,-1.7387962,4,-1.8313737,-3.3328278,5
SGB610,Vaginal,1130,12.758044,-0.87713933,4,0.6743603,-3.8641548,4
SGB611,Vaginal,1010,9.088731,5.429482,3,-10.896897,15.710226,0
SGB612,Vaginal,1180,2.9210703,1.6385646,1,14.453554,7.705357,2
SGB613,Vaginal,583,9.048016,1.4287318,4,0.022527376,4.664277,-1
SGB614,Vaginal,887,5.567409,7.543995,2,1.4784136,-1.1162871,6
SGB615,Vaginal,1253,2.7053874,0.4205176,1,14.594089,10.524294,2
SGB616,Vaginal,1917,2.6351786,0.6338418,1,14.35315,9.654913,2
SGB617,Vaginal,1277,14.5196905,-1.748416,4,-1.8760363,-3.3824348,5
SGB618,Vaginal,2850,5.3311973,-0.14220406,1,3.639752,12.39945,3
SGB619,Vaginal,415,10.484324,-3.1266582,-1,3.4109113,-3.3096013,-1
SGB620,Vaginal,1151,9.034051,5.5182633,3,-10.868262,15.734241,0
SGB621,Vaginal,1794,14.4254465,-1.6115754,4,-1.7112145,-3.2436447,5
SGB622,Vaginal,1906,14.112654,-1.4370658,4,-1.6862253,-3.3908358,5
SGB623,Vaginal,673,12.824322,-0.6876623,4,0.51853114,-3.6073139,4
SGB624,Vaginal,920,12.299974,-2.0998576,4,0.16616365,-4.2717605,4
SGB625,Vaginal,1740,9.23596,4.377663,3,-10.000019,15.928369,0
SGB626,Vaginal,2304,9.30393,2.614342,4,2.8279638,11.22231,3
SGB627,Vaginal,2336,7.5746546,2.5418875,4,-1.1025423,0.8402224,8
SGB628,Vaginal,2294,7.7791467,2.5758028,4,-1.0291598,0.79723454,8
SGB629,Vaginal,1932,8.046586,2.6668084,4,-0.8588278,0.8926211,8
SGB630,Vaginal,2041,8.539542,2.7910144,4,-0.828803,1.1829464,8
SGB631,Vaginal,2369,10.708,3.1429505,4,-0.95576435,0.6745244,8
SGB632,Vaginal,3551,8.684772,1.8583328,4,-9.071853,16.420465,0
SGB633,Vaginal,1698,8.745779,2.9435072,4,-0.6485845,1.3228713,8
SGB634,Vaginal,1839,8.049112,2.4531286,4,-0.6974805,1.2350726,8
SGB635,Vaginal,2245,10.540359,2.5601435,4,-0.90773124,1.0241532,8
SGB636,Vaginal,2975,8.911736,2.5886443,4,3.0883124,11.610234,3
SGB637,Vaginal,1964,8.4394245,2.76847,4,-0.91470474,1.1454138,8
SGB638,Vaginal,2400,7.7459655,2.3859096,4,-1.0902483,0.8118455,8
SGB639,Vaginal,2315,7.608636,2.3329482,4,-1.0959516,0.83249426,8
SGB640,Vaginal,2644,7.7238445,2.4700356,4,-1.1166794,0.7117097,8
SGB641,Vaginal,1776,7.621627,2.4789755,4,-0.67625356,1.0189234,8
SGB642,Vaginal,2296,7.6443114,2.4328105,4,-1.063545,0.901838,8
SGB643,Vaginal,1688,10.526297,2.579807,4,-0.6655088,1.2067158,8
SGB644,Vaginal,3141,8.376558,1.6180602,4,-9.19458,16.515356,0
SGB645,Vaginal,2210,10.943418,3.0656426,4,-0.9610225,0.7472785,8
SGB646,Vaginal,1763,8.383402,2.8440058,4,-0.85065544,1.1848031,8
SGB647,Vaginal,1878,10.46802,3.2089734,4,-0.8976613,1.042941,8
SGB648,Vaginal,2368,12.215652,0.7741377,4,-1.1687232,0.6699431,8
SGB649,Vaginal,3137,8.399177,1.7118642,4,-9.114371,16.355162,0
SGB650,Vaginal,2173,7.6665974,2.4087815,4,-1.0064859,0.7228807,8
SGB651,Vaginal,1391,7.7939715,2.3851354,4,-1.0393934,0.53638935,8
SGB652,Vaginal,2317,7.6698084,2.3472202,4,-1.0910865,0.6697248,8
SGB653,Vaginal,2197,7.9425592,2.7087677,4,-0.9026357,0.91193545,8
SGB654,Vaginal,1497,7.522991,2.3405848,4,-0.7953146,0.9008148,8
SGB655,Vaginal,2207,8.730224,2.6167817,4,-1.1026796,0.9119092,8
SGB656,Vaginal,2621,7.907523,2.6873593,4,-1.01469,0.6337685,8
SGB657,Vaginal,2818,7.6801143,2.3474648,4,-1.1602757,0.612789,8
SGB658,Vaginal,1491,8.718726,2.9060204,4,-0.5694841,1.379947,8
SGB659,Vaginal,1387,9.019901,5.3769245,3,-10.499455,15.897667,0
SGB660,Vaginal,456,12.429767,2.9261055,4,1.2055521,2.2938972,7
SGB661,Vaginal,2471,2.5500376,-0.43468887,1,16.695724,0.17475611,1
SGB662,Vaginal,2029,1.673114,-0.03789996,1,14.465766,8.421284,2
SGB663,Vaginal,2051,9.718432,1.7880727,4,2.836415,11.1659775,3
SGB664,Vaginal,1672,11.09785,0.90906876,4,0.23847847,3.9930959,-1
SGB665,Vaginal,1227,2.9215426,-0.65662694,1,16.74889,0.04037103,1
SGB666,Vaginal,1716,8.467096,3.023816,4,0.2672062,4.018987,-1
SGB667,Vaginal,1689,1.671947,-0.10817536,1,14.391767,8.232555,2
SGB668,Vaginal,1048,1.814522,1.457465,1,14.184729,8.227449,2
SGB669,Vaginal,1827,11.381785,2.71314,4,-1.2223334,-2.5774658,-1
SGB670,Vaginal,344,13.781427,1.9441679,-1,3.076108,-3.0864258,-1
SGB671,Vaginal,1674,8.857532,5.33975,3,-10.109566,15.833881,0
SGB672,Vaginal,1463,10.650174,3.651471,4,0.555365,1.8664968,7
SGB673,Vaginal,462,11.566697,1.9492093,4,3.3697934,-3.2954457,-1
SGB674,Vaginal,1095,9.492991,5.261762,3,-10.783935,15.818502,0
SGB675,Vaginal,495,13.776698,-1.2429748,4,3.3526142,-3.3145802,-1
SGB676,Vaginal,1332,12.026608,0.38025904,4,-1.1713704,-3.317771,5
SGB677,Vaginal,1110,10.34945,3.967426,4,0.52255213,1.7863853,7
SGB678,Vaginal,1638,9.514821,4.94675,3,-10.104126,15.641467,0
SGB679,Vaginal,1838,9.61919,1.8440441,4,2.872827,11.219757,3
SGB680,Vaginal,1421,1.9219021,0.88470113,1,14.096981,8.916108,2
SGB681,Vaginal,927,14.287646,-1.5551168,4,-0.10718787,0.9879753,8
SGB682,Vaginal,2221,2.4833438,0.8947542,1,14.76999,10.456122,2
SGB683,Vaginal,1830,11.040361,4.98384,4,-9.491549,15.264394,0
SGB684,Vaginal,1843,1.5864193,-0.036887895,1,14.435029,8.454463,2
SGB685,Vaginal,2256,2.8653884,1.7974751,1,14.85321,10.481766,2
SGB686,Vaginal,1961,9.670632,1.8210177,4,2.8519914,11.186911,3
SGB687,Vaginal,565,12.356768,-0.66630495,4,3.2846057,-3.2136598,-1
SGB688,Vaginal,1605,11.14067,4.6853223,4,-9.527367,15.153965,0
SGB689,Vaginal,1291,8.57796,2.9334066,4,0.27695534,4.132123,-1
SGB690,Vaginal,1698,10.7061825,2.202602,4,2.7212949,10.650081,3
SGB691,Vaginal,2651,1.5831424,0.0063855518,1,14.681069,8.836679,2
SGB692,Vaginal,2584,10.743662,3.168142,4,-0.8015836,0.6352092,8
SGB693,Vaginal,2577,11.006502,4.911503,4,-9.349839,15.5374775,0
SGB694,Vaginal,1908,4.8920097,7.1238437,2,2.833913,11.15254,3
SGB695,Vaginal,1751,11.828627,2.7369778,4,2.7260406,10.644287,3
SGB696,Vaginal,1974,12.061474,-0.80636954,4,2.9315434,11.113922,3
SGB697,Vaginal,304,12.476578,2.3190644,4,3.4102845,-3.3110507,-1
SGB698,Vaginal,1917,10.857757,4.3012238,4,-9.453803,15.437606,0
SGB699,Vaginal,1537,11.926834,2.4275055,4,-1.1412197,-2.524631,-1
SGB700,Vaginal,1700,11.950482,-0.86458236,4,2.9447753,11.056528,3
SGB701,Vaginal,4272,2.8957567,-0.67123854,1,3.2944453,11.969562,3
SGB702,Vaginal,3589,1.6537527,-0.14531077,1,14.594666,9.286441,2
SGB703,Vaginal,1084,2.8307045,-0.63418156,1,16.833862,-0.16159049,1
SGB704,Vaginal,1822,14.47632,-1.709376,4,-1.8536546,-3.3765697,5
SGB705,Vaginal,1205,2.9970956,1.7047877,1,14.457254,7.6941104,2
SGB706,Vaginal,2017,2.423056,0.339038,1,14.561247,10.705263,2
SGB707,Vaginal,1200,9.501589,1.9709235,4,-0.024930274,4.0765686,-1
SGB708,Vaginal,1944,9.009512,5.2699385,3,-9.803824,16.032536,0
SGB709,Vaginal,1549,8.982812,5.3033895,3,-10.386998,15.945812,0
SGB710,Vaginal,1994,10.82004,2.2405136,4,2.755332,10.677798,3
SGB711,Vaginal,3937,8.350438,1.6074382,4,-9.07023,16.376112,0
SGB712,Vaginal,1620,8.96553,2.0292866,4,1.2965271,1.8819798,7
SGB713,Vaginal,843,11.848484,1.6140966,4,0.8681909,0.6454632,7
SGB714,Vaginal,1695,10.226186,2.2624993,4,0.12851872,0.55269945,-1
SGB715,Vaginal,1076,9.44925,4.326255,3,-10.754897,15.874445,0
SGB716,Vaginal,2130,10.07494,2.1368597,4,-0.08117978,0.46619296,-1
SGB717,Vaginal,1493,10.983563,6.1209893,4,-10.118229,14.325345,0
SGB718,Vaginal,1602,12.4533,2.3712416,4,2.0054367,1.4312956,7
SGB719,Vaginal,1291,11.774101,1.8336668,4,1.5733138,1.6374409,7
SGB720,Vaginal,1729,14.296438,-1.5862696,4,-1.8805561,-3.3048198,5
SGB721,Vaginal,896,12.034688,3.0497713,4,2.7249455,10.637735,3
SGB722,Vaginal,790,11.739776,2.8216887,4,1.1850861,2.1709702,7
SGB723,Vaginal,1199,8.494581,5.175167,3,-10.30128,15.735867,0
SGB724,Vaginal,2032,2.2940273,0.57504904,1,14.586796,10.231954,2
SGB725,Vaginal,1163,2.7674801,-0.012414828,1,14.31693,9.600998,2
SGB726,Vaginal,1342,8.93403,1.8342656,4,0.12916416,1.3169702,-1
SGB727,Vaginal,1471,12.45997,2.3678584,4,1.9224612,1.416569,7
SGB728,Vaginal,1317,11.0271015,6.367318,4,-9.808219,13.870566,0
SGB729,Vaginal,650,13.932783,2.1788807,-1,3.0012426,-3.0187738,-1
SGB730,Vaginal,1493,12.788621,3.2827334,4,0.9499473,2.2954435,7
SGB731,Vaginal,1531,11.879346,0.39634287,4,-1.1577344,-4.6269164,4
SGB732,Vaginal,840,5.8268194,7.1142583,2,1.4775565,-0.66571325,6
SGB733,Vaginal,1386,2.2139995,2.284691,1,14.164013,8.123886,2
SGB734,Vaginal,2194,1.8246439,-0.21735531,1,14.367365,9.625582,2
SGB735,Vaginal,783,12.435414,4.1512184,4,0.8989174,0.81814617,7
SGB736,Vaginal,1063,12.260052,4.266694,4,0.8802086,1.3503458,7
SGB737,Vaginal,1595,2.8144283,-0.1307293,1,14.476502,8.296051,2
SGB738,Vaginal,1819,14.448116,-1.6769055,4,-1.8135015,-3.344167,5
SGB739,Vaginal,1361,14.495244,-1.725419,4,-1.8818529,-3.3088338,5
SGB740,Vaginal,2014,1.73615,1.3655123,1,14.865126,10.7061405,2
SGB741,Vaginal,1144,9.010391,5.541619,3,-10.93616,15.746091,0
SGB742,Vaginal,1300,9.021274,5.507288,3,-10.68196,15.974466,0
SGB743,Vaginal,1445,14.485462,-1.7192103,4,-1.9167969,-3.2686412,5
SGB744,Vaginal,1676,1.8092492,1.0166568,1,14.998726,10.724446,2
SGB745,Vaginal,1075,2.4991295,0.34415632,1,14.392624,10.6636095,2
SGB746,Vaginal,1169,9.003598,5.5353913,3,-10.911966,15.740198,0
SGB747,Vaginal,701,5.6214037,7.6380286,2,1.3400778,-1.1619282,6
SGB748,Vaginal,1185,12.743561,0.08867137,4,1.0861152,0.57824683,7
SGB749,Vaginal,1236,1.9382284,2.3801,1,14.011994,8.243379,2
SGB750,Vaginal,1397,13.198849,-1.7158568,4,-1.0012193,-3.3493176,5
SGB751,Vaginal,1392,5.83346,7.0480146,2,1.5379989,-0.5685457,6
SGB752,Vaginal,2080,2.6514702,0.66213655,1,14.387851,9.559637,2
SGB753,Vaginal,2147,2.1925342,-0.2092413,1,14.578655,10.173697,2
SGB754,Vaginal,2431,1.6724399,0.178249,1,14.503837,9.220234,2
SGB755,Vaginal,1383,2.5689154,0.3511952,1,14.550353,10.600529,2
SGB756,Vaginal,678,5.518792,7.5799985,2,1.5873982,-1.259589,6
SGB757,Vaginal,2221,9.300146,4.5727396,3,-9.5860405,16.158278,0
SGB758,Vaginal,1879,9.240425,4.665847,3,-9.600384,16.194014,0
SGB759,Vaginal,697,5.700667,7.1975517,2,1.305064,-1.0586474,6
SGB760,Vaginal,1322,10.991553,6.246943,4,-9.818014,13.888361,0
SGB761,Vaginal,1462,13.204069,-1.9044749,4,2.7034826,10.885129,3
SGB762,Vaginal,1305,11.330076,3.6605523,4,1.3120245,1.7658777,7
SGB763,Vaginal,1395,11.102057,2.243914,4,2.6864738,10.597314,3
SGB764,Vaginal,1116,9.760289,2.4294527,4,0.5412967,1.6123031,7
SGB765,Vaginal,781,10.649709,3.6054575,4,0.55347604,1.7288624,7
SGB766,Vaginal,1185,12.893415,-0.73919624,4,0.7409859,-3.9365625,4
SGB767,Vaginal,1001,8.923279,4.8957076,3,-10.528143,15.511809,0
SGB768,Vaginal,638,5.3587656,7.417703,2,1.5223899,-1.3011167,6
SGB769,Vaginal,1466,12.221024,4.348544,4,0.61552256,1.1088953,7
SGB770,Vaginal,1557,2.689506,0.9102215,1,14.3595915,8.224923,2
SGB771,Vaginal,1309,3.213136,0.9610207,1,14.078724,8.447382,2
SGB772,Vaginal,2249,2.2052174,0.04018379,1,14.565002,9.238649,2
SGB773,Vaginal,2423,1.7646493,-0.21565242,1,14.548513,9.415505,2
SGB774,Vaginal,1935,2.5687149,0.34115633,1,14.55911,10.099533,2
SGB775,Vaginal,423,12.720508,3.9987912,4,1.2561955,2.3084137,7
SGB776,Vaginal,407,10.685693,-2.9743996,-1,3.3506262,-3.3926935,-1
SGB777,Vaginal,1814,2.6071947,0.20331134,1,14.295408,9.315373,2
SGB778,Vaginal,893,12.853016,-0.26494762,4,1.05364,0.5007814,7
SGB779,Vaginal,585,13.860764,2.0520585,-1,3.0061579,-3.0235183,-1
SGB780,Vaginal,771,5.081633,7.3539767,2,1.179742,-1.1990062,6
SGB781,Vaginal,954,11.10742,6.3262587,4,-9.7676525,13.839496,0
SGB782,Vaginal,671,-0.025978645,4.3649225,0,17.070116,-0.9534143,1
SGB783,Vaginal,674,0.27468616,4.160978,0,16.965994,-0.82862157,1
SGB784,Vaginal,1243,12.220304,-2.0688784,4,0.107520446,-4.4725842,4
SGB785,Vaginal,1598,3.0251698,1.6417713,1,14.398738,7.8077755,2
SGB786,Vaginal,2409,1.9074167,0.91713035,1,14.968436,10.706268,2
